channelId,videoId,textDisplay,textOriginal,authorDisplayName,authorProfileImageUrl,authorChannelUrl,authorChannelId,canRate,viewerRating,likeCount,publishedAt,updatedAt,parentId
UCmb0LnmFYceH7toqgmUTJDA,nte0e0p4gwk,"este enero no decepcion√≥, space for the unbound, hi fi rush, season a letter to the future, puro indie mamadisimo y en cambio los de triple aaa tienen a forspoken para derrotar al patriarcado o el refrito de dead space","este enero no decepcion√≥, space for the unbound, hi fi rush, season a letter to the future, puro indie mamadisimo y en cambio los de triple aaa tienen a forspoken para derrotar al patriarcado o el refrito de dead space",@elsenorx3777,https://yt3.ggpht.com/4N9lEqES_T5FL8DF_fB5i6L5q-Q14Ylf13aw72T97HHOLhiAb5nbQt63DMtBb83kUHoLk1DoYA=s48-c-k-c0x00ffffff-no-rj,http://www.youtube.com/channel/UCq9IiToLNaYzd0GkfUbtfkA,{'value': 'UCq9IiToLNaYzd0GkfUbtfkA'},True,none,0,2023-04-06T01:30:11Z,2023-04-06T01:30:11Z,
UCmb0LnmFYceH7toqgmUTJDA,nte0e0p4gwk,"Oportunidad perdida de crear algo totalmente nuevo y fascinante a lo ‚ÄúJet Set Radio‚Äù, al final cumple como muy buen juego en todos los apartados, pero no como uno que marcar√° √©poca.","Oportunidad perdida de crear algo totalmente nuevo y fascinante a lo ‚ÄúJet Set Radio‚Äù, al final cumple como muy buen juego en todos los apartados, pero no como uno que marcar√° √©poca.",@Azadkanjo,https://yt3.ggpht.com/ytc/AIf8zZRQvhP0Jmrx-5BEhCXY-p0kuKf9lz41tTpaqgAxkw=s48-c-k-c0x00ffffff-no-rj,http://www.youtube.com/channel/UCn-VrtvNihLDSbV4AzZVj4w,{'value': 'UCn-VrtvNihLDSbV4AzZVj4w'},True,none,1,2023-03-10T10:01:46Z,2023-03-10T10:01:46Z,
UCmb0LnmFYceH7toqgmUTJDA,nte0e0p4gwk,"De verdad que el Game pass es un servicio muy completo, lo mejor ü•∞","De verdad que el Game pass es un servicio muy completo, lo mejor ü•∞",@miltonfernandoraigosachala3900,https://yt3.ggpht.com/ytc/AIf8zZSJ90r3fzKmSa30e-WC1yEv452t1nnRJjH5S7G2N4c=s48-c-k-c0x00ffffff-no-rj,http://www.youtube.com/channel/UC88PkqZu5Y_Y5y4OPlZrJrA,{'value': 'UC88PkqZu5Y_Y5y4OPlZrJrA'},True,none,3,2023-03-03T00:41:54Z,2023-03-03T00:41:54Z,
UCmb0LnmFYceH7toqgmUTJDA,nte0e0p4gwk,Juegazo es poco,Juegazo es poco,@nyxo1005,https://yt3.ggpht.com/0ydtKDrZdWrYK0DwfXK0V6ku0WCtjGgNl4BMydddtEO2BqZCLNJHOF27L588nXil2eLtHGcPKw=s48-c-k-c0x00ffffff-no-rj,http://www.youtube.com/channel/UCY3eXVkqR535USdjTR47JRg,{'value': 'UCY3eXVkqR535USdjTR47JRg'},True,none,0,2023-02-16T10:40:44Z,2023-02-16T10:40:44Z,
UCmb0LnmFYceH7toqgmUTJDA,nte0e0p4gwk,Ole x un juego que pega en lo verdaderamente divertido..,Ole x un juego que pega en lo verdaderamente divertido..,@aaronz747,https://yt3.ggpht.com/ytc/AIf8zZSWy_y-x-k3SnrgzqKapnknqR9NZCEAPCg1LtU2=s48-c-k-c0x00ffffff-no-rj,http://www.youtube.com/channel/UCWspD3UXKbNCdgoCBJjFOkw,{'value': 'UCWspD3UXKbNCdgoCBJjFOkw'},True,none,0,2023-02-14T05:41:19Z,2023-02-14T05:41:19Z,
UCmb0LnmFYceH7toqgmUTJDA,nte0e0p4gwk,Esto deja entendido que la compra de bethesda es m√°s que suficiente para que Microsoft pueda producir buenos juegos,Esto deja entendido que la compra de bethesda es m√°s que suficiente para que Microsoft pueda producir buenos juegos,@homunculocosmicod6331,https://yt3.ggpht.com/ytc/AIf8zZTvAej7McqxvnyvclOdd9yMiFzVOWMM9DrxfQsq-Q=s48-c-k-c0x00ffffff-no-rj,http://www.youtube.com/channel/UC4APrUNkP8gVpnD_9-MUZ_A,{'value': 'UC4APrUNkP8gVpnD_9-MUZ_A'},True,none,3,2023-02-09T02:01:37Z,2023-02-09T02:01:37Z,
UCmb0LnmFYceH7toqgmUTJDA,nte0e0p4gwk,JAI FI RASH,JAI FI RASH,@yael117,https://yt3.ggpht.com/ytc/AIf8zZTvogEFfkNi28h6xxjDMnp7X9ZE0jKonHjgLrc7=s48-c-k-c0x00ffffff-no-rj,http://www.youtube.com/channel/UCPQf4udC_1vjnsdoCrvdO8w,{'value': 'UCPQf4udC_1vjnsdoCrvdO8w'},True,none,0,2023-02-03T14:06:52Z,2023-02-03T14:06:52Z,
UCmb0LnmFYceH7toqgmUTJDA,nte0e0p4gwk,Me imagino a mis hermanos jugando a esto cuando no consiguen ni siquiera 10 puntos en el piano tiles,Me imagino a mis hermanos jugando a esto cuando no consiguen ni siquiera 10 puntos en el piano tiles,@VictorJulioBatistaSera,https://yt3.ggpht.com/ytc/AIf8zZSfPn3RA4hw1gdK4lWaGdzlSTVoPxSDMQCeUH4l2AaD6xTnnwE6FU6JB6HSJEWI=s48-c-k-c0x00ffffff-no-rj,http://www.youtube.com/channel/UCEnBZYwb7cvDIDqKf4f_5dw,{'value': 'UCEnBZYwb7cvDIDqKf4f_5dw'},True,none,1,2023-02-03T02:10:16Z,2023-02-03T02:10:16Z,
UCmb0LnmFYceH7toqgmUTJDA,nte0e0p4gwk,Me gustaria tener xbox para jugarlo üò¢,Me gustaria tener xbox para jugarlo üò¢,@cristianhappy8536,https://yt3.ggpht.com/ytc/AIf8zZRZsM-99gyHbGECsQmaa8vCRslng6nbhWh20mwS=s48-c-k-c0x00ffffff-no-rj,http://www.youtube.com/channel/UC5PdND6i5O9MaUFDXOxeyWg,{'value': 'UC5PdND6i5O9MaUFDXOxeyWg'},True,none,3,2023-02-02T14:30:35Z,2023-02-02T14:30:35Z,
UCmb0LnmFYceH7toqgmUTJDA,nte0e0p4gwk,"Una verdadera joya que nos sorprendi√≥ a todos, mucho tiempo que no me pasaba sentir esa verdadera diversi√≥n pura y dura de un videojuego. Lo comparo un poco con lo que hace nintendo, ac√° se ve una intenci√≥n en donde las mec√°nicas destaquen por sobre todo y que vayan acompa√±adas de una historia simple pero que cumpla y un apartado artistico que no es mas que un hermoso plus a todo lo que se est√° viendo en pantalla. Excelente juego y muuuy recomendado.","Una verdadera joya que nos sorprendi√≥ a todos, mucho tiempo que no me pasaba sentir esa verdadera diversi√≥n pura y dura de un videojuego. Lo comparo un poco con lo que hace nintendo, ac√° se ve una intenci√≥n en donde las mec√°nicas destaquen por sobre todo y que vayan acompa√±adas de una historia simple pero que cumpla y un apartado artistico que no es mas que un hermoso plus a todo lo que se est√° viendo en pantalla. Excelente juego y muuuy recomendado.",@pabloguevara6808,https://yt3.ggpht.com/ytc/AIf8zZRB5JAkdyJF3wEa_TXSqh6XAoQErQakH_7GJUi9=s48-c-k-c0x00ffffff-no-rj,http://www.youtube.com/channel/UC7li2hbh4jsRcj08Sq9Ioog,{'value': 'UC7li2hbh4jsRcj08Sq9Ioog'},True,none,3,2023-02-02T11:26:18Z,2023-02-02T11:26:18Z,
UCmb0LnmFYceH7toqgmUTJDA,nte0e0p4gwk,El √∫nico Espa√±ol que no menciona que es un exclusivo de Xbox!,El √∫nico Espa√±ol que no menciona que es un exclusivo de Xbox!,@aztecatactico7849,https://yt3.ggpht.com/Dv4z4FTLnacRoPGWCcC-TSQuvyQXjloNq0zJVfov1VjQZuSm7nO7NrKewo6OyR3GEHIm163Ngu4=s48-c-k-c0x00ffffff-no-rj,http://www.youtube.com/channel/UCx05jX4zHc0c82HeS6W7BJg,{'value': 'UCx05jX4zHc0c82HeS6W7BJg'},True,none,1,2023-02-02T05:47:33Z,2023-02-02T05:47:33Z,
UCmb0LnmFYceH7toqgmUTJDA,nte0e0p4gwk,Por que el narrador se escucha como un puberto???? Estaba mejor el anterior,Por que el narrador se escucha como un puberto???? Estaba mejor el anterior,@bryancuevas1589,https://yt3.ggpht.com/ytc/AIf8zZQTls6dqRGwbRY8upBbtdiwk14X-7kZYbeRz1MXbmY=s48-c-k-c0x00ffffff-no-rj,http://www.youtube.com/channel/UCleAOD2MoU8wnD2JjuMoX2g,{'value': 'UCleAOD2MoU8wnD2JjuMoX2g'},True,none,0,2023-02-02T05:41:55Z,2023-02-02T05:41:55Z,
UCmb0LnmFYceH7toqgmUTJDA,nte0e0p4gwk,Lo mejor es que la gente lo pudo jugar sin el sesgo de la prensa,Lo mejor es que la gente lo pudo jugar sin el sesgo de la prensa,@HablaConMatt,https://yt3.ggpht.com/ytc/AIf8zZRarbRQD8s9o4iW_I4Fy4sBWqIF4meTJWtZJB8zHw=s48-c-k-c0x00ffffff-no-rj,http://www.youtube.com/channel/UChNSTYq9TNiLMUxKwKbaI0w,{'value': 'UChNSTYq9TNiLMUxKwKbaI0w'},True,none,0,2023-02-02T02:32:20Z,2023-02-02T02:32:20Z,
UCmb0LnmFYceH7toqgmUTJDA,nte0e0p4gwk,Buen analisis,Buen analisis,@alberthperdomo4020,https://yt3.ggpht.com/Cr7UOuZIYjgj5LS1Bk9Qh_L8yIaZ1FtWorhHd0pMvIkSHfsyn8XJ0IJsKCmvN3-8Wl2Z4I45=s48-c-k-c0x00ffffff-no-rj,http://www.youtube.com/channel/UCfb6G2gDPHJ81-0Ibh-IcNA,{'value': 'UCfb6G2gDPHJ81-0Ibh-IcNA'},True,none,0,2023-02-02T01:36:19Z,2023-02-02T01:36:19Z,
UCmb0LnmFYceH7toqgmUTJDA,nte0e0p4gwk,Este juego se p√°rese a ninja gaiden z pero sin zombis todo es igual solo la historia cambia,Este juego se p√°rese a ninja gaiden z pero sin zombis todo es igual solo la historia cambia,@edwinsanches9527,https://yt3.ggpht.com/ytc/AIf8zZQvHBVUS2Dhy1EIXEU0V_L1PQ3F6Asr91eR5Q=s48-c-k-c0x00ffffff-no-rj,http://www.youtube.com/channel/UCtpVBVTuqSslScbrVvwvqIw,{'value': 'UCtpVBVTuqSslScbrVvwvqIw'},True,none,0,2023-02-01T22:40:57Z,2023-02-01T22:40:57Z,
UCmb0LnmFYceH7toqgmUTJDA,,Persona 5 Striker y No More Heroes,Persona 5 Striker y No More Heroes,@blackkaiser6731,https://yt3.ggpht.com/FtCMdjbzPt74LdhMJ4HlkBc2sD-82vBQs06ODKqqGV6JWpvz6N_WMIfv90SBEv4uvOuGWn9LYfk=s48-c-k-c0x00ffffff-no-rj,http://www.youtube.com/@blackkaiser6731,{'value': 'UChbAQJBgPBcyMGA5-HJUErg'},True,none,0,2023-09-13T19:12:43Z,2023-09-13T19:12:42Z,Ugyc3utitK2rXOCD6nx4AaABAg
UCmb0LnmFYceH7toqgmUTJDA,nte0e0p4gwk,Quiero que salga en ps4 porfa,Quiero que salga en ps4 porfa,@rafita5276,https://yt3.ggpht.com/ytc/AIf8zZTYy1zqLwgz2SwQttSiogSvjzRK7hwc6AVVn2u3Sg=s48-c-k-c0x00ffffff-no-rj,http://www.youtube.com/channel/UCwTmtvXPP0JdQbj1l4W7qTQ,{'value': 'UCwTmtvXPP0JdQbj1l4W7qTQ'},True,none,0,2023-02-01T22:27:09Z,2023-02-01T22:27:09Z,
UCmb0LnmFYceH7toqgmUTJDA,,PS5?,PS5?,@blackkaiser6731,https://yt3.ggpht.com/FtCMdjbzPt74LdhMJ4HlkBc2sD-82vBQs06ODKqqGV6JWpvz6N_WMIfv90SBEv4uvOuGWn9LYfk=s48-c-k-c0x00ffffff-no-rj,http://www.youtube.com/@blackkaiser6731,{'value': 'UChbAQJBgPBcyMGA5-HJUErg'},True,none,0,2023-09-13T19:12:23Z,2023-09-13T19:12:22Z,UgwDhxR5vX5PV1i5WHt4AaABAg
UCmb0LnmFYceH7toqgmUTJDA,nte0e0p4gwk,"Bien Vandal, el juego sali√≥ el 25 de Enero pero bueno, mejor tarde que nunca.","Bien Vandal, el juego sali√≥ el 25 de Enero pero bueno, mejor tarde que nunca.",@edgardoplaza4163,https://yt3.ggpht.com/ytc/AIf8zZRB_cuyYfI7rjAzEaBJi4xwabE2KTRBl_7cW8XPUg=s48-c-k-c0x00ffffff-no-rj,http://www.youtube.com/channel/UCJYSEvjsNhB6tNE6LRSiQyA,{'value': 'UCJYSEvjsNhB6tNE6LRSiQyA'},True,none,1,2023-02-01T22:25:29Z,2023-02-01T22:25:29Z,
UCmb0LnmFYceH7toqgmUTJDA,,Hab√≠a que jugarse primero antes de dar un an√°lisis,Hab√≠a que jugarse primero antes de dar un an√°lisis,@angelzurielrojasarcos5288,https://yt3.ggpht.com/ytc/AIf8zZRCuqPRlbqxQkTr8m9qjJYlrSpKywSVxI-JXQ=s48-c-k-c0x00ffffff-no-rj,http://www.youtube.com/@angelzurielrojasarcos5288,{'value': 'UCTrbHhlQvbdJ50Y6dKL4JmQ'},True,none,2,2023-02-02T02:18:40Z,2023-02-02T02:18:40Z,UgypLlsq9fPWi5K--yl4AaABAg
UCmb0LnmFYceH7toqgmUTJDA,,@@angelzurielrojasarcos5288 El juego dura 15 horas ;),@@angelzurielrojasarcos5288 El juego dura 15 horas ;),@edgardoplaza4163,https://yt3.ggpht.com/ytc/AIf8zZRB_cuyYfI7rjAzEaBJi4xwabE2KTRBl_7cW8XPUg=s48-c-k-c0x00ffffff-no-rj,http://www.youtube.com/@edgardoplaza4163,{'value': 'UCJYSEvjsNhB6tNE6LRSiQyA'},True,none,0,2023-02-02T04:57:05Z,2023-02-02T04:57:05Z,UgypLlsq9fPWi5K--yl4AaABAg
UCmb0LnmFYceH7toqgmUTJDA,,@Edgardo Plaza hazte tu una rese√±a detallada y con buenos margenes de un juego entero teniendo muchos m√°s proyectos por hacer aparte de ese-,@Edgardo Plaza hazte tu una rese√±a detallada y con buenos margenes de un juego entero teniendo muchos m√°s proyectos por hacer aparte de ese-,@midori2047,https://yt3.ggpht.com/WBgb7XtDwrsO9TsNcPo4Digg0v-G-M4d_Qa43JY1GmPR4i4vXmUnuUriFX5Ll5lfYHCQfYwLHQ=s48-c-k-c0x00ffffff-no-rj,http://www.youtube.com/@midori2047,{'value': 'UCp7MAGctPIOCvAL2FIp3iEQ'},True,none,0,2023-02-12T13:04:22Z,2023-02-12T13:04:22Z,UgypLlsq9fPWi5K--yl4AaABAg
UCmb0LnmFYceH7toqgmUTJDA,nte0e0p4gwk,Ojal√° que hi-fi rush sea el despegue definitivo de Xbox con los juegos de su cat√°logo exclusivoüî•üî•üî• al final los que ganamos somos los gamer de coraz√≥n ü§óü§óüí™üí™,Ojal√° que hi-fi rush sea el despegue definitivo de Xbox con los juegos de su cat√°logo exclusivoüî•üî•üî• al final los que ganamos somos los gamer de coraz√≥n ü§óü§óüí™üí™,@danielorellana8284,https://yt3.ggpht.com/ytc/AIf8zZREQ6o4Vjrx5xHaUY1Te7tM1A8EBItNpzh1IA=s48-c-k-c0x00ffffff-no-rj,http://www.youtube.com/channel/UCZsIsIItD1yKuK4ndi-ZJ7g,{'value': 'UCZsIsIItD1yKuK4ndi-ZJ7g'},True,none,1,2023-02-01T22:08:28Z,2023-02-01T22:08:28Z,
UCmb0LnmFYceH7toqgmUTJDA,nte0e0p4gwk,"Qu√© felicidad encontrar un juego qu√© te hac√© recordar cuando llegabas del colegio y te divertias sin pensarlo mucho, ojal√° vuelvan estos juegos simples y cumplidores","Qu√© felicidad encontrar un juego qu√© te hac√© recordar cuando llegabas del colegio y te divertias sin pensarlo mucho, ojal√° vuelvan estos juegos simples y cumplidores",@ManeDe,https://yt3.ggpht.com/LBey46S8n_9R_H6LuXqQ0mOGuU69Hv8JFM0UhYJezf9Og0gJLh5jaZ8r56t3agSBfHZ80GdQ=s48-c-k-c0x00ffffff-no-rj,http://www.youtube.com/channel/UCBASkQ30ramgwe6MonSJXiA,{'value': 'UCBASkQ30ramgwe6MonSJXiA'},True,none,21,2023-02-01T21:03:17Z,2023-02-01T21:03:17Z,
UCmb0LnmFYceH7toqgmUTJDA,nte0e0p4gwk,Vamooo  que vuelva el estilo Dreamcast a esta vida!,Vamooo  que vuelva el estilo Dreamcast a esta vida!,@cronicaspixeladas,https://yt3.ggpht.com/1O0ffELHeBCH2ETP_Ehj3P6Zck2JHr9zX9Q8Lma6eScSHT7R9km7ZJyZenZYDA_YuGQvu9hgxw=s48-c-k-c0x00ffffff-no-rj,http://www.youtube.com/channel/UC9V6G9NPVkKL-0ZGKb6OLuQ,{'value': 'UC9V6G9NPVkKL-0ZGKb6OLuQ'},True,none,3,2023-02-01T20:57:52Z,2023-02-01T20:57:52Z,
UCmb0LnmFYceH7toqgmUTJDA,nte0e0p4gwk,Y por qu√© no un 9.5 ? Si era todo Perfecto ü•π,Y por qu√© no un 9.5 ? Si era todo Perfecto ü•π,@marcelogutierrezguzman3201,https://yt3.ggpht.com/ytc/AIf8zZS_TByJKqypPEEDckCBvIbilt97alFdel3FFEbMK20=s48-c-k-c0x00ffffff-no-rj,http://www.youtube.com/channel/UCjproG0BIJ0pqsEKHusg3ow,{'value': 'UCjproG0BIJ0pqsEKHusg3ow'},True,none,1,2023-02-01T20:41:15Z,2023-02-01T20:41:15Z,
UCmb0LnmFYceH7toqgmUTJDA,nte0e0p4gwk,"El unico juego que no es de nintendo y me ha hecho desear tanto jugar, en cierto modo me recuerda a no more heroes, eso mas el ritmo y los visuales que no son el clasico fifa of duty simplemente tiene todo lo que me gusta","El unico juego que no es de nintendo y me ha hecho desear tanto jugar, en cierto modo me recuerda a no more heroes, eso mas el ritmo y los visuales que no son el clasico fifa of duty simplemente tiene todo lo que me gusta",@AlbertoLopez-,https://yt3.ggpht.com/ytc/AIf8zZSijsBzXgkWHvGVkXbvfZYWsflyHjm-JhRQNmyEhA=s48-c-k-c0x00ffffff-no-rj,http://www.youtube.com/channel/UC1cnn-cuagq8OL1M9uUKOUA,{'value': 'UC1cnn-cuagq8OL1M9uUKOUA'},True,none,10,2023-02-01T19:40:24Z,2023-02-01T19:40:24Z,
UCmb0LnmFYceH7toqgmUTJDA,nte0e0p4gwk,Uffff se ve nice üòéüëå,Uffff se ve nice üòéüëå,@locolocoloco5434,https://yt3.ggpht.com/xNqPmT2pEBR40ty7_jqTvAzo639U7fNPy0o8TTUneFTuPFesoEN4PY8WaGpSY_l3-fnrD3dN-Lg=s48-c-k-c0x00ffffff-no-rj,http://www.youtube.com/channel/UCYjfN_j1-U00R8U1KLn5kNQ,{'value': 'UCYjfN_j1-U00R8U1KLn5kNQ'},True,none,0,2023-02-01T18:40:51Z,2023-02-01T18:40:51Z,
UCmb0LnmFYceH7toqgmUTJDA,nte0e0p4gwk,Un 9 bien merecido.,Un 9 bien merecido.,@inekoforeveri2549,https://yt3.ggpht.com/B9jJzhA6GeyOvHGoQrQUPQmCsBznjni434MAh4ngzCTIjMVBTpDY-sR_42DTKIyGBMq31aCsWxY=s48-c-k-c0x00ffffff-no-rj,http://www.youtube.com/channel/UCTXFSEAec6TFLOB7e_eYJnw,{'value': 'UCTXFSEAec6TFLOB7e_eYJnw'},True,none,0,2023-02-01T18:32:39Z,2023-02-01T18:33:14Z,
UCmb0LnmFYceH7toqgmUTJDA,nte0e0p4gwk,Llegar√° a Playstation en alg√∫n momento?,Llegar√° a Playstation en alg√∫n momento?,@joseconde91,https://yt3.ggpht.com/ytc/AIf8zZQ4VS1G6Y8J7Orbbs7v8crCpaPxhkxIthUNPQ_06g=s48-c-k-c0x00ffffff-no-rj,http://www.youtube.com/channel/UCKeA1gWFCTui_lXElrgBRgg,{'value': 'UCKeA1gWFCTui_lXElrgBRgg'},True,none,0,2023-02-01T18:11:44Z,2023-02-01T18:11:44Z,
UCmb0LnmFYceH7toqgmUTJDA,,"No, es un exclusivo de microsoft","No, es un exclusivo de microsoft",@youtool4148,https://yt3.ggpht.com/6wFKXwfKQ27RJj_nxZCI98oOUUNSVGIAvQMOSLz6d_DRxKoRbnRtwZQIFXvz-NdyRcX4ozM8nmM=s48-c-k-c0x00ffffff-no-rj,http://www.youtube.com/@youtool4148,{'value': 'UCUvAuSJhXwrpQGoD57djsJA'},True,none,3,2023-02-01T18:19:44Z,2023-02-01T18:19:44Z,UgxxP9YYjfE7av0rzf94AaABAg
UCmb0LnmFYceH7toqgmUTJDA,,No.. Es de un estudio de Xbox.,No.. Es de un estudio de Xbox.,@inekoforeveri2549,https://yt3.ggpht.com/B9jJzhA6GeyOvHGoQrQUPQmCsBznjni434MAh4ngzCTIjMVBTpDY-sR_42DTKIyGBMq31aCsWxY=s48-c-k-c0x00ffffff-no-rj,http://www.youtube.com/@inekoforeveri2549,{'value': 'UCTXFSEAec6TFLOB7e_eYJnw'},True,none,2,2023-02-01T18:24:22Z,2023-02-01T18:24:58Z,UgxxP9YYjfE7av0rzf94AaABAg
UCmb0LnmFYceH7toqgmUTJDA,,Nop,Nop,@dannyelreyez6700,https://yt3.ggpht.com/ytc/AIf8zZR-lfqwsq3tJXTisVjnmUEflYhXkd_rpftPYzRgIg=s48-c-k-c0x00ffffff-no-rj,http://www.youtube.com/@dannyelreyez6700,{'value': 'UCarSigx7KcLSwVIgwGBNZKQ'},True,none,2,2023-02-01T18:25:21Z,2023-02-01T18:25:21Z,UgxxP9YYjfE7av0rzf94AaABAg
UCmb0LnmFYceH7toqgmUTJDA,,"Joder, que hagan un intercambio por forspoken para que llegue a Playstation, esto lo deberia de jugar todo el que tenga alguna consola.","Joder, que hagan un intercambio por forspoken para que llegue a Playstation, esto lo deberia de jugar todo el que tenga alguna consola.",@joseconde91,https://yt3.ggpht.com/ytc/AIf8zZQ4VS1G6Y8J7Orbbs7v8crCpaPxhkxIthUNPQ_06g=s48-c-k-c0x00ffffff-no-rj,http://www.youtube.com/@joseconde91,{'value': 'UCKeA1gWFCTui_lXElrgBRgg'},True,none,0,2023-02-01T18:39:07Z,2023-02-01T18:39:07Z,UgxxP9YYjfE7av0rzf94AaABAg
UCmb0LnmFYceH7toqgmUTJDA,,"@Jose Conde Sin duda es un gran juego, intenta jugarlo en un Xbox o PC descente.. Te gustar√° mucho.üëç","@Jose Conde Sin duda es un gran juego, intenta jugarlo en un Xbox o PC descente.. Te gustar√° mucho.üëç",@inekoforeveri2549,https://yt3.ggpht.com/B9jJzhA6GeyOvHGoQrQUPQmCsBznjni434MAh4ngzCTIjMVBTpDY-sR_42DTKIyGBMq31aCsWxY=s48-c-k-c0x00ffffff-no-rj,http://www.youtube.com/@inekoforeveri2549,{'value': 'UCTXFSEAec6TFLOB7e_eYJnw'},True,none,1,2023-02-01T18:49:33Z,2023-02-01T18:49:33Z,UgxxP9YYjfE7av0rzf94AaABAg
UCmb0LnmFYceH7toqgmUTJDA,,"Nop pero lo puedes jugar desde tu celular con game pass, nada mas conectas tu mando de play al movil y listo.","Nop pero lo puedes jugar desde tu celular con game pass, nada mas conectas tu mando de play al movil y listo.",@krnitas3763,https://yt3.ggpht.com/E9GzpNLOjmwUM64fJRKPYeIAsPmTZU2xdXNN4BixLdEO3lMX0nnCQx-CNipDCY49YmNpCFJvQzA=s48-c-k-c0x00ffffff-no-rj,http://www.youtube.com/@krnitas3763,{'value': 'UCzdib3vViSC1iZKCKyNlNRw'},True,none,1,2023-02-01T19:53:33Z,2023-02-01T19:53:33Z,UgxxP9YYjfE7av0rzf94AaABAg
UCmb0LnmFYceH7toqgmUTJDA,,@I NEKO FOREVER I si que lo es ojal√° tenga secuela,@I NEKO FOREVER I si que lo es ojal√° tenga secuela,@joseconde91,https://yt3.ggpht.com/ytc/AIf8zZQ4VS1G6Y8J7Orbbs7v8crCpaPxhkxIthUNPQ_06g=s48-c-k-c0x00ffffff-no-rj,http://www.youtube.com/@joseconde91,{'value': 'UCKeA1gWFCTui_lXElrgBRgg'},True,none,1,2023-02-01T20:17:33Z,2023-02-01T20:17:33Z,UgxxP9YYjfE7av0rzf94AaABAg
UCmb0LnmFYceH7toqgmUTJDA,,"@Jose Conde jajajaja intercambio con forspoken jajaja, mejor intercambio con god of war üëÄ","@Jose Conde jajajaja intercambio con forspoken jajaja, mejor intercambio con god of war üëÄ",@juancarloszavalalopez2197,https://yt3.ggpht.com/gZDBsx3k8a9q25LTMuffu4DAvY4HniF7eW1kTSRo8ijNj8jQ6TBgwZhy8UZCSyT8hzaCtyFBBA=s48-c-k-c0x00ffffff-no-rj,http://www.youtube.com/@juancarloszavalalopez2197,{'value': 'UCfDZgbRMYM6GBGGu2zwFUsw'},True,none,0,2023-02-02T14:56:47Z,2023-02-02T14:56:47Z,UgxxP9YYjfE7av0rzf94AaABAg
UCmb0LnmFYceH7toqgmUTJDA,nte0e0p4gwk,Arruinaron mil chistes.<br>Mucho spoiler...,"Arruinaron mil chistes.
Mucho spoiler...",@edwinrodriguezp,https://yt3.ggpht.com/dGXQe8KCeok03ZRHh6tbVLJuzs8nXyG5kSVrqAnXKSsQflcKQF49Cb6I5YqxlV2FIbC6hdom7Q=s48-c-k-c0x00ffffff-no-rj,http://www.youtube.com/channel/UCd9WuNaLm8MduhmGQ19qnqg,{'value': 'UCd9WuNaLm8MduhmGQ19qnqg'},True,none,0,2023-02-01T18:11:38Z,2023-02-01T18:11:38Z,
UCmb0LnmFYceH7toqgmUTJDA,nte0e0p4gwk,"Pasan los a√±os y siguen con la mierda de no poner 10 a los juegos que se lo merecen , solo por ser de la competencia.","Pasan los a√±os y siguen con la mierda de no poner 10 a los juegos que se lo merecen , solo por ser de la competencia.",@KillerOnixe,https://yt3.ggpht.com/ytc/AIf8zZQsR9Gq6msPkRjJF0zBfl8ynbN2HA6UxIPlcgdQRg=s48-c-k-c0x00ffffff-no-rj,http://www.youtube.com/channel/UC2t7gm6jnTC_diLqf_d-a3w,{'value': 'UC2t7gm6jnTC_diLqf_d-a3w'},True,none,1,2023-02-01T18:05:35Z,2023-02-01T18:05:35Z,
UCmb0LnmFYceH7toqgmUTJDA,nte0e0p4gwk,"Este juego sali√≥ sin publicidad ni para vendernos la moto y mira d√≠a uno sali√≥ al gamepass sin necesidad de volver a pasar por caja eso les falt√≥ decir les vandal jejeje<br>Si os pregunt√°is o lo ponen como letrero que si va a llegar por ejemplo a la puss5 este juego ,nos gustar√≠a que tambi√©n dieran la vuelta a la pregunta c√≥mo con ffvii remake si llegar√≠a a Xbox por ejemplo,no? Jeje","Este juego sali√≥ sin publicidad ni para vendernos la moto y mira d√≠a uno sali√≥ al gamepass sin necesidad de volver a pasar por caja eso les falt√≥ decir les vandal jejeje
Si os pregunt√°is o lo ponen como letrero que si va a llegar por ejemplo a la puss5 este juego ,nos gustar√≠a que tambi√©n dieran la vuelta a la pregunta c√≥mo con ffvii remake si llegar√≠a a Xbox por ejemplo,no? Jeje",@chokytube6396,https://yt3.ggpht.com/mIUoCA32Rt0BnZTccDP5tQJ4r2W-GAra1tIneI158pOByx0xPsj-TupXwX1lvBEEPNpBi93CuyM=s48-c-k-c0x00ffffff-no-rj,http://www.youtube.com/channel/UC2YEZuWhXW2bgPShep9dfFw,{'value': 'UC2YEZuWhXW2bgPShep9dfFw'},True,none,1,2023-02-01T18:00:29Z,2023-02-01T18:00:29Z,
UCmb0LnmFYceH7toqgmUTJDA,nte0e0p4gwk,"Ven un juego legendario sin nada de marketing, promesas falsas, entrevistas etc<br>Simplemete dijeron: tomen esto sabemos lo que hicimos nos vale ve¬§g4 lo que diga la prensa es para uds.","Ven un juego legendario sin nada de marketing, promesas falsas, entrevistas etc
Simplemete dijeron: tomen esto sabemos lo que hicimos nos vale ve¬§g4 lo que diga la prensa es para uds.",@normanaugustoguerrajaimes923,https://yt3.ggpht.com/ytc/AIf8zZQ5QrU_wGGylGLe6-OKRm0mLx8cgWLTdwM5pA=s48-c-k-c0x00ffffff-no-rj,http://www.youtube.com/channel/UC8RaF1NrMdfNGkSQybSSvIQ,{'value': 'UC8RaF1NrMdfNGkSQybSSvIQ'},True,none,5,2023-02-01T17:56:53Z,2023-02-01T17:56:53Z,
UCmb0LnmFYceH7toqgmUTJDA,nte0e0p4gwk,Honestamente es como combinar el humor y estilo de Spider-Man un nuevo universo y el estilo y banda sonora de the World ends wiht you pero igualmente tiene su propia identidad y gameplay,Honestamente es como combinar el humor y estilo de Spider-Man un nuevo universo y el estilo y banda sonora de the World ends wiht you pero igualmente tiene su propia identidad y gameplay,@nosejjajak,https://yt3.ggpht.com/40Eldj76BzKg2M5QXbqM6mk1bDbvB36mNEQl7k_lXKxuIBNunvtl4o4VSXu6kw8UwzegYVIcAtE=s48-c-k-c0x00ffffff-no-rj,http://www.youtube.com/channel/UCzFKX9XaLPT8KvNQGs9uglg,{'value': 'UCzFKX9XaLPT8KvNQGs9uglg'},True,none,2,2023-02-01T17:34:31Z,2023-02-01T17:34:31Z,
UCmb0LnmFYceH7toqgmUTJDA,nte0e0p4gwk,Wow puras S tu si sabes jugar no como yo xD,Wow puras S tu si sabes jugar no como yo xD,@wolkermartinez7479,https://yt3.ggpht.com/ytc/AIf8zZQAUfdELaJWNWAz0sG-J9I5KoFotnojO7iS3A=s48-c-k-c0x00ffffff-no-rj,http://www.youtube.com/channel/UCdU-Jlf87YKgLVbOMiMbinA,{'value': 'UCdU-Jlf87YKgLVbOMiMbinA'},True,none,0,2023-02-01T17:29:02Z,2023-02-01T17:29:02Z,
UCmb0LnmFYceH7toqgmUTJDA,nte0e0p4gwk,"Juegazo, y visto la buena recepci√≥n en cr√≠tica y ventas estoy seguro que van a convertirla en una nueva franquicia, y me parece genial üëç","Juegazo, y visto la buena recepci√≥n en cr√≠tica y ventas estoy seguro que van a convertirla en una nueva franquicia, y me parece genial üëç",@a7xgunslinger,https://yt3.ggpht.com/2nnwUItIk2-_8kdkcSbek7aCr4i2Cl6i1UL6mJ5HqRrj9gdkcGnH7f6EzqYFkjg8Aku3cMRvsQ=s48-c-k-c0x00ffffff-no-rj,http://www.youtube.com/channel/UC6Ff7ZiGs1uKzl-om_36wGg,{'value': 'UC6Ff7ZiGs1uKzl-om_36wGg'},True,none,23,2023-02-01T16:58:37Z,2023-02-01T16:58:37Z,
UCmb0LnmFYceH7toqgmUTJDA,nte0e0p4gwk,"Me da risa como actualmente alaban este tipo de juegos coloridos con animaci√≥n estilo &quot;c√≥mic&quot;, pero en su momento &quot;Yaiba: Ninja Gaiden Z&quot; fue apaleado por la cr√≠tica precisamente por su estilo en la animaci√≥n. Curioso como cambia la cr√≠tica y percepci√≥n en casi 10 a√±os de diferencia entre un juego y otro.","Me da risa como actualmente alaban este tipo de juegos coloridos con animaci√≥n estilo ""c√≥mic"", pero en su momento ""Yaiba: Ninja Gaiden Z"" fue apaleado por la cr√≠tica precisamente por su estilo en la animaci√≥n. Curioso como cambia la cr√≠tica y percepci√≥n en casi 10 a√±os de diferencia entre un juego y otro.",@FuCKeRDooM,https://yt3.ggpht.com/ytc/AIf8zZRxoMbmwz3yguey5Q-XlNqloO4VTZXybuB9R520=s48-c-k-c0x00ffffff-no-rj,http://www.youtube.com/channel/UCj5l2UKjWyY45-5xb3BXRlg,{'value': 'UCj5l2UKjWyY45-5xb3BXRlg'},True,none,2,2023-02-01T16:55:48Z,2023-02-01T16:55:48Z,
UCmb0LnmFYceH7toqgmUTJDA,,Yo compre ese Ninja Gaiden de salida y te puedo decir que es el menor de sus problemas.,Yo compre ese Ninja Gaiden de salida y te puedo decir que es el menor de sus problemas.,@ricguz09,https://yt3.ggpht.com/ytc/AIf8zZSVZXFY9XJj7n2pUwHmcKwgm8IQ9yNLG7wZhxaV=s48-c-k-c0x00ffffff-no-rj,http://www.youtube.com/@ricguz09,{'value': 'UCXgyahdCL6EhISFWwc4w1xg'},True,none,2,2023-02-01T18:02:18Z,2023-02-01T18:02:47Z,UgzydwkQt1srxNIebml4AaABAg
UCmb0LnmFYceH7toqgmUTJDA,,"@RicGuz09 es que lo que m√°s criticaban era precisamente eso, el estilo del juego, ya que se alejaba demasiado de la saga principal de Ninja Gaiden.","@RicGuz09 es que lo que m√°s criticaban era precisamente eso, el estilo del juego, ya que se alejaba demasiado de la saga principal de Ninja Gaiden.",@FuCKeRDooM,https://yt3.ggpht.com/ytc/AIf8zZRxoMbmwz3yguey5Q-XlNqloO4VTZXybuB9R520=s48-c-k-c0x00ffffff-no-rj,http://www.youtube.com/@FuCKeRDooM,{'value': 'UCj5l2UKjWyY45-5xb3BXRlg'},True,none,0,2023-02-01T18:06:43Z,2023-02-01T18:06:43Z,UgzydwkQt1srxNIebml4AaABAg
UCmb0LnmFYceH7toqgmUTJDA,,"@Anderson Ruiz el juego era malo, ten√≠a muchos defectos no que fuera por el tipo de arte, hay muchos juegos q tienen estilo c√≥mico como este o borderlands q son buenos por muchas cosas m√°s","@Anderson Ruiz el juego era malo, ten√≠a muchos defectos no que fuera por el tipo de arte, hay muchos juegos q tienen estilo c√≥mico como este o borderlands q son buenos por muchas cosas m√°s",@dannyelreyez6700,https://yt3.ggpht.com/ytc/AIf8zZR-lfqwsq3tJXTisVjnmUEflYhXkd_rpftPYzRgIg=s48-c-k-c0x00ffffff-no-rj,http://www.youtube.com/@dannyelreyez6700,{'value': 'UCarSigx7KcLSwVIgwGBNZKQ'},True,none,2,2023-02-01T18:27:58Z,2023-02-01T18:27:58Z,UgzydwkQt1srxNIebml4AaABAg
UCmb0LnmFYceH7toqgmUTJDA,,@@FuCKeRDooM dude hay m√°s por lo que es un mal juego no intentes tapar el sol con un dedo,@@FuCKeRDooM dude hay m√°s por lo que es un mal juego no intentes tapar el sol con un dedo,@superiorhood,https://yt3.ggpht.com/ytc/AIf8zZQ9lJHqjfoOx5g1AGvVMLumy79mRLz40tfw6HO5fw=s48-c-k-c0x00ffffff-no-rj,http://www.youtube.com/@superiorhood,{'value': 'UCC3ANMefEnXx5OQuB804RjA'},True,none,0,2023-02-10T15:53:57Z,2023-02-10T15:53:57Z,UgzydwkQt1srxNIebml4AaABAg
UCmb0LnmFYceH7toqgmUTJDA,,No jugaste no more heroes?,No jugaste no more heroes?,@blackkaiser6731,https://yt3.ggpht.com/FtCMdjbzPt74LdhMJ4HlkBc2sD-82vBQs06ODKqqGV6JWpvz6N_WMIfv90SBEv4uvOuGWn9LYfk=s48-c-k-c0x00ffffff-no-rj,http://www.youtube.com/@blackkaiser6731,{'value': 'UChbAQJBgPBcyMGA5-HJUErg'},True,none,0,2023-03-30T17:51:54Z,2023-03-30T17:51:54Z,UgzydwkQt1srxNIebml4AaABAg
UCmb0LnmFYceH7toqgmUTJDA,nte0e0p4gwk,"De verdad no le pusieron la nota max a los gr√†ficos ???? Que tienen en ponerle en la prensa espa√±ola un 9,5 o 10 a un juego de Xbox ??","De verdad no le pusieron la nota max a los gr√†ficos ???? Que tienen en ponerle en la prensa espa√±ola un 9,5 o 10 a un juego de Xbox ??",@killerdraw1709,https://yt3.ggpht.com/ytc/AIf8zZTArHkx3leWBpWHPp2s6uYzlz1m8oX61ElIWFFI=s48-c-k-c0x00ffffff-no-rj,http://www.youtube.com/channel/UCUClXLUMprHD61pSXg5SfvA,{'value': 'UCUClXLUMprHD61pSXg5SfvA'},True,none,2,2023-02-01T16:52:09Z,2023-02-01T16:52:09Z,
UCmb0LnmFYceH7toqgmUTJDA,,"Un 10 debe ser para un juego redondo en todos sus aspectos, un 10 promediado en todos sus apartados.","Un 10 debe ser para un juego redondo en todos sus aspectos, un 10 promediado en todos sus apartados.",@AdadG,https://yt3.ggpht.com/ytc/AIf8zZRqqWtUdmsQc3qzI88v0PlCLmr0DkcfoI9k-4PXuw=s48-c-k-c0x00ffffff-no-rj,http://www.youtube.com/@AdadG,{'value': 'UCkgWwWpFXwW3g-mlUKOPhlg'},True,none,0,2023-02-01T19:35:29Z,2023-02-01T19:35:29Z,UgxXEvbKGhuTxyiI8ad4AaABAg
UCmb0LnmFYceH7toqgmUTJDA,nte0e0p4gwk,Porque le dicen &#39;&#39;jai fi rash&#39;&#39;?,Porque le dicen ''jai fi rash''?,@youtool4148,https://yt3.ggpht.com/6wFKXwfKQ27RJj_nxZCI98oOUUNSVGIAvQMOSLz6d_DRxKoRbnRtwZQIFXvz-NdyRcX4ozM8nmM=s48-c-k-c0x00ffffff-no-rj,http://www.youtube.com/channel/UCUvAuSJhXwrpQGoD57djsJA,{'value': 'UCUvAuSJhXwrpQGoD57djsJA'},True,none,0,2023-02-01T16:48:07Z,2023-02-01T16:48:07Z,
UCmb0LnmFYceH7toqgmUTJDA,,Que te importa.,Que te importa.,@eideng7415,https://yt3.ggpht.com/ytc/AIf8zZRENeeKlRKJLz_GViQmem22gYt72Y4bpn2UoK0b=s48-c-k-c0x00ffffff-no-rj,http://www.youtube.com/@eideng7415,{'value': 'UCqSAfw1yXiJYYUDNk1EM7nw'},True,none,0,2023-02-01T17:13:11Z,2023-02-01T17:13:11Z,Ugz6GqhyP98Nilz-JON4AaABAg
UCmb0LnmFYceH7toqgmUTJDA,,Se pronuncia as√≠,Se pronuncia as√≠,@obzy.1757,https://yt3.ggpht.com/ytc/AIf8zZS_tyWuPy5v6MnHyMAsXfx6UPuB888FAHSkJSZkmQ=s48-c-k-c0x00ffffff-no-rj,http://www.youtube.com/@obzy.1757,{'value': 'UCSQNUJwMIsvFUhn2Yzlnp_w'},True,none,0,2023-02-01T17:37:23Z,2023-02-01T17:37:23Z,Ugz6GqhyP98Nilz-JON4AaABAg
UCmb0LnmFYceH7toqgmUTJDA,,"@Obzy. como? &#39;HI&#39; es &#39;jai&#39; pero &#39;FI&#39; es &#39;fi&#39; ü§∑‚Äç‚ôÇ es como si le dijeramos wai-fi al WIFI, me entiendes?","@Obzy. como? 'HI' es 'jai' pero 'FI' es 'fi' ü§∑‚Äç‚ôÇ es como si le dijeramos wai-fi al WIFI, me entiendes?",@youtool4148,https://yt3.ggpht.com/6wFKXwfKQ27RJj_nxZCI98oOUUNSVGIAvQMOSLz6d_DRxKoRbnRtwZQIFXvz-NdyRcX4ozM8nmM=s48-c-k-c0x00ffffff-no-rj,http://www.youtube.com/@youtool4148,{'value': 'UCUvAuSJhXwrpQGoD57djsJA'},True,none,0,2023-02-01T18:31:38Z,2023-02-01T18:31:38Z,Ugz6GqhyP98Nilz-JON4AaABAg
UCmb0LnmFYceH7toqgmUTJDA,,"@Youtool A√±√°dele que incluso la comunidad inglesa tambi√©n lo llama as√≠, con el fai, es un palabra compuesta, la pronunciacion en ingl√©s suele ser inconsistente","@Youtool A√±√°dele que incluso la comunidad inglesa tambi√©n lo llama as√≠, con el fai, es un palabra compuesta, la pronunciacion en ingl√©s suele ser inconsistente",@carb0xyde887,https://yt3.ggpht.com/ytc/AIf8zZRAU3D_CVWrjdzsAekqnOdwkC3YSQr2wU4oCC129A=s48-c-k-c0x00ffffff-no-rj,http://www.youtube.com/@carb0xyde887,{'value': 'UC1EMBg30FnJaTgnrv5Zr0EQ'},True,none,0,2023-02-01T18:41:50Z,2023-02-01T18:41:50Z,Ugz6GqhyP98Nilz-JON4AaABAg
UCmb0LnmFYceH7toqgmUTJDA,,"@Youtool ahhh no lo entendi, es verdad","@Youtool ahhh no lo entendi, es verdad",@obzy.1757,https://yt3.ggpht.com/ytc/AIf8zZS_tyWuPy5v6MnHyMAsXfx6UPuB888FAHSkJSZkmQ=s48-c-k-c0x00ffffff-no-rj,http://www.youtube.com/@obzy.1757,{'value': 'UCSQNUJwMIsvFUhn2Yzlnp_w'},True,none,0,2023-02-01T19:10:51Z,2023-02-01T19:10:51Z,Ugz6GqhyP98Nilz-JON4AaABAg
UCmb0LnmFYceH7toqgmUTJDA,nte0e0p4gwk,"Ya derrote al tercer boss, y solo dir√© <br><br><br><br><br><br>Goty","Ya derrote al tercer boss, y solo dir√© 





Goty",@alansanchez3406,https://yt3.ggpht.com/ytc/AIf8zZSdd4O_ZwRndrr8o2gXJLlXfgYWoZQyY92qN3Me-9g=s48-c-k-c0x00ffffff-no-rj,http://www.youtube.com/channel/UCE1ge7O1Qy7nClshvMXymBA,{'value': 'UCE1ge7O1Qy7nClshvMXymBA'},True,none,2,2023-02-01T16:38:48Z,2023-02-01T16:38:48Z,
UCmb0LnmFYceH7toqgmUTJDA,nte0e0p4gwk,El que jug√≥ en el v√≠deo es muy bueno XD,El que jug√≥ en el v√≠deo es muy bueno XD,@drakenknight2264,https://yt3.ggpht.com/ifybMtiD1ZCy4VUIR-J1Ur2EcmK-CwDYA9iNW1C_oXVvWFu7P5TQ2IoGIiZKYOiA7iWrd7jf1Cw=s48-c-k-c0x00ffffff-no-rj,http://www.youtube.com/channel/UCSzuDe24PN7EpNSDnHqNRoA,{'value': 'UCSzuDe24PN7EpNSDnHqNRoA'},True,none,1,2023-02-01T16:36:46Z,2023-02-01T16:36:46Z,
UCmb0LnmFYceH7toqgmUTJDA,nte0e0p4gwk,Es normal que los espa√±oles no sepan pronunciar bien 3 s√≠labas en ingl√©s? Me quiero dar un balazo cada vez que dicen &quot;Jai Fi Rosh&quot;,"Es normal que los espa√±oles no sepan pronunciar bien 3 s√≠labas en ingl√©s? Me quiero dar un balazo cada vez que dicen ""Jai Fi Rosh""",@elvueltas4955,https://yt3.ggpht.com/ytc/AIf8zZQMh0TyXX9gKdcy02CC22vuPNFXUUpFdTThgQ=s48-c-k-c0x00ffffff-no-rj,http://www.youtube.com/channel/UCmcOwB4nJ5j1GcrztHU6wTg,{'value': 'UCmcOwB4nJ5j1GcrztHU6wTg'},True,none,1,2023-02-01T16:21:20Z,2023-02-01T16:21:53Z,
UCmb0LnmFYceH7toqgmUTJDA,,Son muy malos para el ingl√©s en Espa√±a. Les escucho decir &quot;dungeon&quot; as√≠ como se lee en espa√±ol jaja,"Son muy malos para el ingl√©s en Espa√±a. Les escucho decir ""dungeon"" as√≠ como se lee en espa√±ol jaja",@Mianroca,https://yt3.ggpht.com/H-zaHr_H7Mx3irSlAczq2HguGsNVG6yAoBnHL40Z-rmgvHQmuTbxzFKvwrQTk42qTzTe0w9zkA=s48-c-k-c0x00ffffff-no-rj,http://www.youtube.com/@Mianroca,{'value': 'UCOtPsV4CM2n3IiutkKrgMRA'},True,none,1,2023-02-01T17:00:49Z,2023-02-01T17:00:49Z,UgxmUaHSpoqretGzFr54AaABAg
UCmb0LnmFYceH7toqgmUTJDA,nte0e0p4gwk,Porque no se menciona en el v√≠deo que es un exclusivo de Xbox y que est√° gratis con Game Pass?,Porque no se menciona en el v√≠deo que es un exclusivo de Xbox y que est√° gratis con Game Pass?,@jorgesolorzano1102,https://yt3.ggpht.com/ytc/AIf8zZSA7-viUWO66-xtujV5ckCQ8l2BIoLpQw-Pgtz60Ys=s48-c-k-c0x00ffffff-no-rj,http://www.youtube.com/channel/UCvLkG_GtnJrcN6-kfuAA9xg,{'value': 'UCvLkG_GtnJrcN6-kfuAA9xg'},True,none,30,2023-02-01T16:09:48Z,2023-02-01T16:09:48Z,
UCmb0LnmFYceH7toqgmUTJDA,,"En varios canales hacen lo mismo. No mencionan ese detalle, hablan como si fuera un multi pero bueh, por lo menos ponen el logo de la consola en la qu√© esta disponible. Otros ni eso","En varios canales hacen lo mismo. No mencionan ese detalle, hablan como si fuera un multi pero bueh, por lo menos ponen el logo de la consola en la qu√© esta disponible. Otros ni eso",@sebastianscarlett4434,https://yt3.ggpht.com/_ZXVFcnQWAep-ihd8TVGNwI1Bcnj5Hbkspsn4Y_K8D_iC1SWcNO9YoxYuC1dYEoM7F_RfPRxcg=s48-c-k-c0x00ffffff-no-rj,http://www.youtube.com/@sebastianscarlett4434,{'value': 'UC1v7wmpi-pB4Lk5yXCN6CbA'},True,none,15,2023-02-01T16:24:42Z,2023-02-01T16:24:42Z,UgyZmBNWvGJ5fQFi_Md4AaABAg
UCmb0LnmFYceH7toqgmUTJDA,,"Tampoco le ponen el 10 que se MERECE, por ser de  XBOX.","Tampoco le ponen el 10 que se MERECE, por ser de  XBOX.",@KillerOnixe,https://yt3.ggpht.com/ytc/AIf8zZQsR9Gq6msPkRjJF0zBfl8ynbN2HA6UxIPlcgdQRg=s48-c-k-c0x00ffffff-no-rj,http://www.youtube.com/@KillerOnixe,{'value': 'UC2t7gm6jnTC_diLqf_d-a3w'},True,none,4,2023-02-01T18:06:50Z,2023-02-01T18:06:50Z,UgyZmBNWvGJ5fQFi_Md4AaABAg
UCmb0LnmFYceH7toqgmUTJDA,,Un canal espa√±ol de videojuegos ?<br>Debi√≥ de ser una sorpresa para todos,"Un canal espa√±ol de videojuegos ?
Debi√≥ de ser una sorpresa para todos",@Qwerty-ur9pd,https://yt3.ggpht.com/ytc/AIf8zZRlUz2FOU0XZS4dFiPAu8Ewg_hBpUEkUuF6Rptn_ATx9pnSlltv0UVeuSPmU4Ci=s48-c-k-c0x00ffffff-no-rj,http://www.youtube.com/@Qwerty-ur9pd,{'value': 'UC31nDjzWgce7bRmEINm1pIg'},True,none,4,2023-02-01T18:27:10Z,2023-02-01T18:27:10Z,UgyZmBNWvGJ5fQFi_Md4AaABAg
UCmb0LnmFYceH7toqgmUTJDA,,XB y PC.,XB y PC.,@Dars_Veider,https://yt3.ggpht.com/ytc/AIf8zZQIGrho_XKzM8LRkk9NfsNdxLh-oqKQ7AUW48Tviw=s48-c-k-c0x00ffffff-no-rj,http://www.youtube.com/@Dars_Veider,{'value': 'UCR9LXjRFEMJMez_q77DWeVw'},True,none,2,2023-02-01T18:44:23Z,2023-02-01T18:44:23Z,UgyZmBNWvGJ5fQFi_Md4AaABAg
UCmb0LnmFYceH7toqgmUTJDA,,@Dars Veider tranquilo tengo PC tambi√©n GT : Killer Onixe,@Dars Veider tranquilo tengo PC tambi√©n GT : Killer Onixe,@KillerOnixe,https://yt3.ggpht.com/ytc/AIf8zZQsR9Gq6msPkRjJF0zBfl8ynbN2HA6UxIPlcgdQRg=s48-c-k-c0x00ffffff-no-rj,http://www.youtube.com/@KillerOnixe,{'value': 'UC2t7gm6jnTC_diLqf_d-a3w'},True,none,0,2023-02-01T18:54:41Z,2023-02-01T18:54:41Z,UgyZmBNWvGJ5fQFi_Md4AaABAg
UCmb0LnmFYceH7toqgmUTJDA,,¬øGratis? ¬øAcaso el Game Pass es gratis?,¬øGratis? ¬øAcaso el Game Pass es gratis?,@AdadG,https://yt3.ggpht.com/ytc/AIf8zZRqqWtUdmsQc3qzI88v0PlCLmr0DkcfoI9k-4PXuw=s48-c-k-c0x00ffffff-no-rj,http://www.youtube.com/@AdadG,{'value': 'UCkgWwWpFXwW3g-mlUKOPhlg'},True,none,4,2023-02-01T19:31:45Z,2023-02-01T19:31:45Z,UgyZmBNWvGJ5fQFi_Md4AaABAg
UCmb0LnmFYceH7toqgmUTJDA,,"Okey si lo dicen dejas de llorar ü§£ü§£ü§£, cu√°ntos a√±os tienes, si todos saben que es exclusivo de Xbox series","Okey si lo dicen dejas de llorar ü§£ü§£ü§£, cu√°ntos a√±os tienes, si todos saben que es exclusivo de Xbox series",@danielorellana8284,https://yt3.ggpht.com/ytc/AIf8zZREQ6o4Vjrx5xHaUY1Te7tM1A8EBItNpzh1IA=s48-c-k-c0x00ffffff-no-rj,http://www.youtube.com/@danielorellana8284,{'value': 'UCZsIsIItD1yKuK4ndi-ZJ7g'},True,none,2,2023-02-01T22:03:37Z,2023-02-01T22:03:37Z,UgyZmBNWvGJ5fQFi_Md4AaABAg
UCmb0LnmFYceH7toqgmUTJDA,,@Daniel Orellana que importa mi edad?. Mira te explico con manzanas. Esto es un an√°lisis sobre el videojuego. Decir en qu√© plataformas puedes jugarlo es importante y no. No todos saben que es exclusivo o que est√° en Game Pass. Por esa regla de tres entonces para que hacer el an√°lisis si ya todos deber√≠an de saber que el juego existe. Lo entiendes ahora?,@Daniel Orellana que importa mi edad?. Mira te explico con manzanas. Esto es un an√°lisis sobre el videojuego. Decir en qu√© plataformas puedes jugarlo es importante y no. No todos saben que es exclusivo o que est√° en Game Pass. Por esa regla de tres entonces para que hacer el an√°lisis si ya todos deber√≠an de saber que el juego existe. Lo entiendes ahora?,@jorgesolorzano1102,https://yt3.ggpht.com/ytc/AIf8zZSA7-viUWO66-xtujV5ckCQ8l2BIoLpQw-Pgtz60Ys=s48-c-k-c0x00ffffff-no-rj,http://www.youtube.com/@jorgesolorzano1102,{'value': 'UCvLkG_GtnJrcN6-kfuAA9xg'},True,none,3,2023-02-01T23:23:26Z,2023-02-01T23:23:26Z,UgyZmBNWvGJ5fQFi_Md4AaABAg
UCmb0LnmFYceH7toqgmUTJDA,,"@Adad G se sobre entiende lo que trato de decir. No me voy a poner a lanzar la publicidad del servicio por ac√°. Pero cuando pagas un servicio de m√°ximo $15 y tienes acceso a cientos de juegos, muchos con valor individual de $60 o $70. Pues si. Este juego es gratis","@Adad G se sobre entiende lo que trato de decir. No me voy a poner a lanzar la publicidad del servicio por ac√°. Pero cuando pagas un servicio de m√°ximo $15 y tienes acceso a cientos de juegos, muchos con valor individual de $60 o $70. Pues si. Este juego es gratis",@jorgesolorzano1102,https://yt3.ggpht.com/ytc/AIf8zZSA7-viUWO66-xtujV5ckCQ8l2BIoLpQw-Pgtz60Ys=s48-c-k-c0x00ffffff-no-rj,http://www.youtube.com/@jorgesolorzano1102,{'value': 'UCvLkG_GtnJrcN6-kfuAA9xg'},True,none,0,2023-02-01T23:26:21Z,2023-02-01T23:26:21Z,UgyZmBNWvGJ5fQFi_Md4AaABAg
UCmb0LnmFYceH7toqgmUTJDA,,"@Jorge Sol√≤rzano Ya me esperaba un cuento como ese. Est√° bien que est√© en GP y muy bien por quienes lo disfrutan, en serio, pero ni es gratis y son rentas, no nos vengamos arriba.","@Jorge Sol√≤rzano Ya me esperaba un cuento como ese. Est√° bien que est√© en GP y muy bien por quienes lo disfrutan, en serio, pero ni es gratis y son rentas, no nos vengamos arriba.",@AdadG,https://yt3.ggpht.com/ytc/AIf8zZRqqWtUdmsQc3qzI88v0PlCLmr0DkcfoI9k-4PXuw=s48-c-k-c0x00ffffff-no-rj,http://www.youtube.com/@AdadG,{'value': 'UCkgWwWpFXwW3g-mlUKOPhlg'},True,none,1,2023-02-01T23:35:43Z,2023-02-01T23:35:43Z,UgyZmBNWvGJ5fQFi_Md4AaABAg
UCmb0LnmFYceH7toqgmUTJDA,,"Nooo me digas eso :&#39;v. Pero bueh, me alegro de que los usuarios de xbox tengan un buen exclusivo, igual, igual nosotros los de Playstation tenemos Forspoken!!! <br>SIIIiiii...?","Nooo me digas eso :'v. Pero bueh, me alegro de que los usuarios de xbox tengan un buen exclusivo, igual, igual nosotros los de Playstation tenemos Forspoken!!! 
SIIIiiii...?",@jjpp0649,https://yt3.ggpht.com/vPd8rktl6NghlIo53NnK51NzgaMP4vf838Gn8VV-5OOrB81OZIDzqVnLIrVeQTtF8hTROopd=s48-c-k-c0x00ffffff-no-rj,http://www.youtube.com/@jjpp0649,{'value': 'UCx6ChzejFrEUQXczx22BufA'},True,none,0,2023-02-02T04:39:12Z,2023-02-02T04:39:12Z,UgyZmBNWvGJ5fQFi_Md4AaABAg
UCmb0LnmFYceH7toqgmUTJDA,,pero si esta en steam papu,pero si esta en steam papu,@elsenorx3777,https://yt3.ggpht.com/4N9lEqES_T5FL8DF_fB5i6L5q-Q14Ylf13aw72T97HHOLhiAb5nbQt63DMtBb83kUHoLk1DoYA=s48-c-k-c0x00ffffff-no-rj,http://www.youtube.com/@elsenorx3777,{'value': 'UCq9IiToLNaYzd0GkfUbtfkA'},True,none,0,2023-04-06T02:01:38Z,2023-04-06T02:01:38Z,UgyZmBNWvGJ5fQFi_Md4AaABAg
UCmb0LnmFYceH7toqgmUTJDA,nte0e0p4gwk,Juegazo imprescindible üî•üî•ü•≥ü•≥üòÉ,Juegazo imprescindible üî•üî•ü•≥ü•≥üòÉ,@wilsonsteven2040,https://yt3.ggpht.com/ytc/AIf8zZTv3SGYeG4P09pmtaby1N44yui0Onx76ivmz7Tr=s48-c-k-c0x00ffffff-no-rj,http://www.youtube.com/channel/UCUAuRigCJCaMuquo7abzKjA,{'value': 'UCUAuRigCJCaMuquo7abzKjA'},True,none,2,2023-02-01T16:05:21Z,2023-02-01T16:05:21Z,
UCmb0LnmFYceH7toqgmUTJDA,nte0e0p4gwk,"Este es el tipo de juegos que me resultan entretenidos, ojala llegue a salir en play o nintendo, solo me falta la xbox xd","Este es el tipo de juegos que me resultan entretenidos, ojala llegue a salir en play o nintendo, solo me falta la xbox xd",@7OrangeMan,https://yt3.ggpht.com/pfNUMHWuVz5DGx3aC-X6-OQXG__TqQCFxldvH-DVnAOHcxLxZe4LepBF-1qGpQEJl7z5BuXxQA=s48-c-k-c0x00ffffff-no-rj,http://www.youtube.com/channel/UC4gTocQ_CLZRt75490zzcOw,{'value': 'UC4gTocQ_CLZRt75490zzcOw'},True,none,1,2023-02-01T15:56:25Z,2023-02-01T15:56:25Z,
UCmb0LnmFYceH7toqgmUTJDA,,"Si, el mes que viene sale en tu play","Si, el mes que viene sale en tu play",@javi_torres_1983,https://yt3.ggpht.com/qF5HrDGcLinNu_ky8iT3ik4XfStb518-Kar9kD4pgR8rmhMdUBCDBHS0ldt4smjlMhVJ1hem=s48-c-k-c0x00ffffff-no-rj,http://www.youtube.com/@javi_torres_1983,{'value': 'UC5EbBostl_vLUrTt4FXb21A'},True,none,2,2023-02-01T16:09:25Z,2023-02-01T16:09:25Z,UgwnpEY4tDh-m_j-edl4AaABAg
UCmb0LnmFYceH7toqgmUTJDA,,quieres jugar Hi-Fi Rush? c√≥mprate un xbox f√°cil!,quieres jugar Hi-Fi Rush? c√≥mprate un xbox f√°cil!,@miguel70178,https://yt3.ggpht.com/ytc/AIf8zZRMHg8MWpT-w6vBXb4n2C-s30crleY_0ldqxv1m-Q=s48-c-k-c0x00ffffff-no-rj,http://www.youtube.com/@miguel70178,{'value': 'UC720qx0UBE-o61lxuByYi0g'},True,none,1,2023-02-01T16:16:34Z,2023-02-01T16:16:34Z,UgwnpEY4tDh-m_j-edl4AaABAg
UCmb0LnmFYceH7toqgmUTJDA,,Me informa Phil que ma√±ana sale en Pley...,Me informa Phil que ma√±ana sale en Pley...,@elvueltas4955,https://yt3.ggpht.com/ytc/AIf8zZQMh0TyXX9gKdcy02CC22vuPNFXUUpFdTThgQ=s48-c-k-c0x00ffffff-no-rj,http://www.youtube.com/@elvueltas4955,{'value': 'UCmcOwB4nJ5j1GcrztHU6wTg'},True,none,1,2023-02-01T16:18:32Z,2023-02-01T16:18:32Z,UgwnpEY4tDh-m_j-edl4AaABAg
UCmb0LnmFYceH7toqgmUTJDA,,"Ojal√° alg√∫n d√≠a tengas tu xbox Bro, la series s es buen√≠sima y adem√°s de econ√≥mica, suerte","Ojal√° alg√∫n d√≠a tengas tu xbox Bro, la series s es buen√≠sima y adem√°s de econ√≥mica, suerte",@dantesinferno7254,https://yt3.ggpht.com/ytc/AIf8zZQVUxx_ZDZIM_DpmF1sY4wcrRXBa0GWL77TV1irIQ=s48-c-k-c0x00ffffff-no-rj,http://www.youtube.com/@dantesinferno7254,{'value': 'UCeCKxzYKtuOn4k55xt4O9SQ'},True,none,6,2023-02-01T16:27:08Z,2023-02-01T16:27:08Z,UgwnpEY4tDh-m_j-edl4AaABAg
UCmb0LnmFYceH7toqgmUTJDA,,Si lo quieres jugar te comento que no saldr√° en play nunca debido a que es exclusivo por ser de tango,Si lo quieres jugar te comento que no saldr√° en play nunca debido a que es exclusivo por ser de tango,@alejandrobeltran9562,https://yt3.ggpht.com/ytc/AIf8zZRDlnir_m2wSbmeUu2l0OyALbtoMapH27I0Yw=s48-c-k-c0x00ffffff-no-rj,http://www.youtube.com/@alejandrobeltran9562,{'value': 'UCzKuzS1sNEDI3-VmH0qtlxw'},True,none,2,2023-02-01T16:39:48Z,2023-02-01T16:39:48Z,UgwnpEY4tDh-m_j-edl4AaABAg
UCmb0LnmFYceH7toqgmUTJDA,,xD,xD,@inekoforeveri2549,https://yt3.ggpht.com/B9jJzhA6GeyOvHGoQrQUPQmCsBznjni434MAh4ngzCTIjMVBTpDY-sR_42DTKIyGBMq31aCsWxY=s48-c-k-c0x00ffffff-no-rj,http://www.youtube.com/@inekoforeveri2549,{'value': 'UCTXFSEAec6TFLOB7e_eYJnw'},True,none,1,2023-02-01T18:25:58Z,2023-02-01T18:25:58Z,UgwnpEY4tDh-m_j-edl4AaABAg
UCmb0LnmFYceH7toqgmUTJDA,,"Puedes jugarlo en steam, no necesitas ninguna consola","Puedes jugarlo en steam, no necesitas ninguna consola",@Minipirata56,https://yt3.ggpht.com/ytc/AIf8zZSJlv0ZXgkkawx6lnQ8Jjhfppu-SpGUZfVUIWKmzg=s48-c-k-c0x00ffffff-no-rj,http://www.youtube.com/@Minipirata56,{'value': 'UCZtSU1CW45cz1lZNi8VTKNg'},True,none,1,2023-02-02T12:29:08Z,2023-02-02T12:29:08Z,UgwnpEY4tDh-m_j-edl4AaABAg
UCmb0LnmFYceH7toqgmUTJDA,nte0e0p4gwk,9.5,9.5,@kikatomoshichikujika9668,https://yt3.ggpht.com/ytc/AIf8zZS9afJFdKTD0LoGDU6WykSaqCTXZkegfK08r4lH=s48-c-k-c0x00ffffff-no-rj,http://www.youtube.com/channel/UCDGJu_q3z_tWq2MClqDlp4Q,{'value': 'UCDGJu_q3z_tWq2MClqDlp4Q'},True,none,1,2023-02-01T15:53:30Z,2023-02-01T15:53:30Z,
UCmb0LnmFYceH7toqgmUTJDA,nte0e0p4gwk,Me encanta animaci√≥n al estilo de los 80,Me encanta animaci√≥n al estilo de los 80,@dumatapocalipsis8800,https://yt3.ggpht.com/ytc/AIf8zZQoeYzpKQNDUnFcKt840QHVHODmqQivVkqUbAAa=s48-c-k-c0x00ffffff-no-rj,http://www.youtube.com/channel/UC1K79spiQUCslrl0jAs8B0g,{'value': 'UC1K79spiQUCslrl0jAs8B0g'},True,none,4,2023-02-01T15:48:35Z,2023-02-01T15:48:35Z,
UCmb0LnmFYceH7toqgmUTJDA,nte0e0p4gwk,Una maravilla de juego,Una maravilla de juego,@argenis5760,https://yt3.ggpht.com/HJmyTrZJoqU4v7PuXJx-pqPinXBnAlqIfjXID3lEF336hQ-i55xGk9TnQNSEzsmX5KEBrLYG7wc=s48-c-k-c0x00ffffff-no-rj,http://www.youtube.com/channel/UCPjqKk6nu_AT1Dvb6Lu2gLQ,{'value': 'UCPjqKk6nu_AT1Dvb6Lu2gLQ'},True,none,2,2023-02-01T15:47:50Z,2023-02-01T15:47:50Z,
UCmb0LnmFYceH7toqgmUTJDA,nte0e0p4gwk,Alguien saque un &quot;Just Shapes and Beats 2&quot; :&#39;v,"Alguien saque un ""Just Shapes and Beats 2"" :'v",@ADAR48,https://yt3.ggpht.com/_FeSW5mTd3ZHxXrHR20dl2fWGlvfSta1e8DQf_G-NUTPM3YTa5yY3ao_IUOLHqO-6Lz4oQSP=s48-c-k-c0x00ffffff-no-rj,http://www.youtube.com/channel/UCLTf9KjtYwoYgdnNHSoq1aA,{'value': 'UCLTf9KjtYwoYgdnNHSoq1aA'},True,none,0,2023-02-01T15:47:13Z,2023-02-01T15:47:13Z,
UCmb0LnmFYceH7toqgmUTJDA,nte0e0p4gwk,En definitiva xbox hizo historia<br>-un nintendero,"En definitiva xbox hizo historia
-un nintendero",@mikelyonson,https://yt3.ggpht.com/ytc/AIf8zZR9lpt8dKuEdwLubtM-krtentwP4JLR3Nq10fL26Zf-ciz6rYBbCm36pxDTWpZO=s48-c-k-c0x00ffffff-no-rj,http://www.youtube.com/channel/UCdtzwzysSnNR0KBMi_VnsMA,{'value': 'UCdtzwzysSnNR0KBMi_VnsMA'},True,none,3,2023-02-01T15:36:08Z,2023-02-01T15:36:08Z,
UCmb0LnmFYceH7toqgmUTJDA,,"Ya casi no hay sorpresas a la hora de anunciar juegos, este fue una sorpresa sin ninguna duda.","Ya casi no hay sorpresas a la hora de anunciar juegos, este fue una sorpresa sin ninguna duda.",@angelzurielrojasarcos5288,https://yt3.ggpht.com/ytc/AIf8zZRCuqPRlbqxQkTr8m9qjJYlrSpKywSVxI-JXQ=s48-c-k-c0x00ffffff-no-rj,http://www.youtube.com/@angelzurielrojasarcos5288,{'value': 'UCTrbHhlQvbdJ50Y6dKL4JmQ'},True,none,1,2023-02-02T02:21:02Z,2023-02-02T02:21:02Z,UgxTXZOQh2dsadoiNoZ4AaABAg
UCmb0LnmFYceH7toqgmUTJDA,nte0e0p4gwk,Toca renovar el Game Pass üòäüòä,Toca renovar el Game Pass üòäüòä,@matute93,https://yt3.ggpht.com/ytc/AIf8zZRLq0PkC7hxBRpzE5UqeNFEhcezuyTbOKhp-W1R=s48-c-k-c0x00ffffff-no-rj,http://www.youtube.com/channel/UCe8G4FK4-3YWYrnEA51_afQ,{'value': 'UCe8G4FK4-3YWYrnEA51_afQ'},True,none,3,2023-02-01T15:29:23Z,2023-02-01T15:29:23Z,
UCmb0LnmFYceH7toqgmUTJDA,nte0e0p4gwk,Un Juego al estilo slash y girl se hizo esperar y tenemos este juegazo :),Un Juego al estilo slash y girl se hizo esperar y tenemos este juegazo :),@Lonerhard561,https://yt3.ggpht.com/ytc/AIf8zZRs-ex95XnhrqxQIZ6f3G6atadM3tAyClK-3G_9wQ=s48-c-k-c0x00ffffff-no-rj,http://www.youtube.com/channel/UCcSeCAXZN1qXa_iDrBLv2rQ,{'value': 'UCcSeCAXZN1qXa_iDrBLv2rQ'},True,none,0,2023-02-01T15:27:40Z,2023-02-01T15:27:40Z,
UCmb0LnmFYceH7toqgmUTJDA,nte0e0p4gwk,Por fin un buen juego luego de tantos a√±os,Por fin un buen juego luego de tantos a√±os,@Daniel.50AE,https://yt3.ggpht.com/_Cmj2RV5kJEVxTsRcS1SkelyrJhLUms1fCbjhnB_KRVDZqF-DAmpmIJP3yrUtS74DOT2ziaE=s48-c-k-c0x00ffffff-no-rj,http://www.youtube.com/channel/UCTFR9IqdbYgpxN5ATaxXkTw,{'value': 'UCTFR9IqdbYgpxN5ATaxXkTw'},True,none,3,2023-02-01T15:25:21Z,2023-02-01T15:25:21Z,
UCmb0LnmFYceH7toqgmUTJDA,,A quien crees que enga√±as aparte de a ti?,A quien crees que enga√±as aparte de a ti?,@javi_torres_1983,https://yt3.ggpht.com/qF5HrDGcLinNu_ky8iT3ik4XfStb518-Kar9kD4pgR8rmhMdUBCDBHS0ldt4smjlMhVJ1hem=s48-c-k-c0x00ffffff-no-rj,http://www.youtube.com/@javi_torres_1983,{'value': 'UC5EbBostl_vLUrTt4FXb21A'},True,none,8,2023-02-01T16:03:31Z,2023-02-01T16:03:31Z,UgwMN3tK5akT1lHDFkl4AaABAg
UCmb0LnmFYceH7toqgmUTJDA,nte0e0p4gwk,"Juego medio, repetitivo y carne para el pobrepass. Es lo que tiene las suscripciones para jugar.","Juego medio, repetitivo y carne para el pobrepass. Es lo que tiene las suscripciones para jugar.",@AARRPP,https://yt3.ggpht.com/ytc/AIf8zZQ8c6--DPwsicysotbZZPfUPSekR2L5vRIEiA=s48-c-k-c0x00ffffff-no-rj,http://www.youtube.com/channel/UCKbMyDfaj_DopGa5z1PhsSA,{'value': 'UCKbMyDfaj_DopGa5z1PhsSA'},True,none,4,2023-02-01T15:19:40Z,2023-02-01T15:19:40Z,
UCmb0LnmFYceH7toqgmUTJDA,,"üòÖNo tienes xbox? Eres un pitufo??<br>Ahhhh vale eres las 2 cosas<br>Usa emoal t√≠o, lo necesitas üòÇüòÇüòÇ","üòÖNo tienes xbox? Eres un pitufo??
Ahhhh vale eres las 2 cosas
Usa emoal t√≠o, lo necesitas üòÇüòÇüòÇ",@oscaribanez1839,https://yt3.ggpht.com/ytc/AIf8zZSlHfc-0QSLEec-6vGHf-WDSa7qHZ_Xjadtdv8iZQ=s48-c-k-c0x00ffffff-no-rj,http://www.youtube.com/@oscaribanez1839,{'value': 'UC3FYvZWguppXhGdCIVngFfw'},True,none,15,2023-02-01T15:26:42Z,2023-02-01T15:26:42Z,UgzpvG_ruYNz-il99qN4AaABAg
UCmb0LnmFYceH7toqgmUTJDA,,@Oscar Iba√±ez no me hace falta xbox... tengo Pc.,@Oscar Iba√±ez no me hace falta xbox... tengo Pc.,@AARRPP,https://yt3.ggpht.com/ytc/AIf8zZQ8c6--DPwsicysotbZZPfUPSekR2L5vRIEiA=s48-c-k-c0x00ffffff-no-rj,http://www.youtube.com/@AARRPP,{'value': 'UCKbMyDfaj_DopGa5z1PhsSA'},True,none,2,2023-02-01T15:31:51Z,2023-02-01T15:31:51Z,UgzpvG_ruYNz-il99qN4AaABAg
UCmb0LnmFYceH7toqgmUTJDA,,Comentario Aweonao de Pipero Ardido....,Comentario Aweonao de Pipero Ardido....,@BILLYDEADKID,https://yt3.ggpht.com/gBoj07AnJjOBPyf1t2f2wTokd4zaqzhjS4aWPlCtzvQYNqoTOfcdhj7tUz6Rgr3fS_BtBJQMOQ=s48-c-k-c0x00ffffff-no-rj,http://www.youtube.com/@BILLYDEADKID,{'value': 'UCbHTJQqNqc-ZJBmXnnrZ58w'},True,none,0,2023-02-01T15:39:18Z,2023-02-01T15:39:18Z,UgzpvG_ruYNz-il99qN4AaABAg
UCmb0LnmFYceH7toqgmUTJDA,,Llora piperoüòÇüòÇ,Llora piperoüòÇüòÇ,@esaumarquez6010,https://yt3.ggpht.com/ytc/AIf8zZTh9GVhRHhwq_hzZqNaZVpbMPAJ0Hr58WGajDqElw=s48-c-k-c0x00ffffff-no-rj,http://www.youtube.com/@esaumarquez6010,{'value': 'UCPF8EOkdrFcCORnMXuIP7lA'},True,none,6,2023-02-01T15:57:59Z,2023-02-01T15:57:59Z,UgzpvG_ruYNz-il99qN4AaABAg
UCmb0LnmFYceH7toqgmUTJDA,,"@Esau Marquez juego en PC. Si no tienes dinero, solo para una obsoleta xbox serie s es tu problema, no m√≠o. Dejas muy mal a tu comunidad de xbox con tus comentarios.","@Esau Marquez juego en PC. Si no tienes dinero, solo para una obsoleta xbox serie s es tu problema, no m√≠o. Dejas muy mal a tu comunidad de xbox con tus comentarios.",@AARRPP,https://yt3.ggpht.com/ytc/AIf8zZQ8c6--DPwsicysotbZZPfUPSekR2L5vRIEiA=s48-c-k-c0x00ffffff-no-rj,http://www.youtube.com/@AARRPP,{'value': 'UCKbMyDfaj_DopGa5z1PhsSA'},True,none,2,2023-02-01T15:59:27Z,2023-02-01T15:59:27Z,UgzpvG_ruYNz-il99qN4AaABAg
UCmb0LnmFYceH7toqgmUTJDA,,"@ARP busca ayuda, te vendra bien... tu tienes pc y yo soy ingeniero de la nasa...","@ARP busca ayuda, te vendra bien... tu tienes pc y yo soy ingeniero de la nasa...",@javi_torres_1983,https://yt3.ggpht.com/qF5HrDGcLinNu_ky8iT3ik4XfStb518-Kar9kD4pgR8rmhMdUBCDBHS0ldt4smjlMhVJ1hem=s48-c-k-c0x00ffffff-no-rj,http://www.youtube.com/@javi_torres_1983,{'value': 'UC5EbBostl_vLUrTt4FXb21A'},True,none,13,2023-02-01T16:11:54Z,2023-02-01T16:11:54Z,UgzpvG_ruYNz-il99qN4AaABAg
UCmb0LnmFYceH7toqgmUTJDA,,como arde,como arde,@miguel70178,https://yt3.ggpht.com/ytc/AIf8zZRMHg8MWpT-w6vBXb4n2C-s30crleY_0ldqxv1m-Q=s48-c-k-c0x00ffffff-no-rj,http://www.youtube.com/@miguel70178,{'value': 'UC720qx0UBE-o61lxuByYi0g'},True,none,5,2023-02-01T16:17:38Z,2023-02-01T16:17:38Z,UgzpvG_ruYNz-il99qN4AaABAg
UCmb0LnmFYceH7toqgmUTJDA,,Atte. Alguien falto de atenci√≥n en casita :C,Atte. Alguien falto de atenci√≥n en casita :C,@elvueltas4955,https://yt3.ggpht.com/ytc/AIf8zZQMh0TyXX9gKdcy02CC22vuPNFXUUpFdTThgQ=s48-c-k-c0x00ffffff-no-rj,http://www.youtube.com/@elvueltas4955,{'value': 'UCmcOwB4nJ5j1GcrztHU6wTg'},True,none,8,2023-02-01T16:19:15Z,2023-02-01T16:19:15Z,UgzpvG_ruYNz-il99qN4AaABAg
UCmb0LnmFYceH7toqgmUTJDA,,@Miguel Perez como las pilas ü§£,@Miguel Perez como las pilas ü§£,@AARRPP,https://yt3.ggpht.com/ytc/AIf8zZQ8c6--DPwsicysotbZZPfUPSekR2L5vRIEiA=s48-c-k-c0x00ffffff-no-rj,http://www.youtube.com/@AARRPP,{'value': 'UCKbMyDfaj_DopGa5z1PhsSA'},True,none,1,2023-02-01T16:39:42Z,2023-02-01T16:39:42Z,UgzpvG_ruYNz-il99qN4AaABAg
UCmb0LnmFYceH7toqgmUTJDA,,Que le<br>Paso ya le aburri√≥ forspoken?,"Que le
Paso ya le aburri√≥ forspoken?",@ignaciod7701,https://yt3.ggpht.com/ytc/AIf8zZSIjTPlReL9mA9jultNkaqB-Ethkoex62RUFoRFcKk=s48-c-k-c0x00ffffff-no-rj,http://www.youtube.com/@ignaciod7701,{'value': 'UC2HmMH5bx2Yz7LbkjxaoNLg'},True,none,4,2023-02-01T16:45:41Z,2023-02-01T16:45:41Z,UgzpvG_ruYNz-il99qN4AaABAg
UCmb0LnmFYceH7toqgmUTJDA,,"@Ignacio D m√°s me aburri√≥ Halo, lo jugu√© en Pc por un dolar ü§£","@Ignacio D m√°s me aburri√≥ Halo, lo jugu√© en Pc por un dolar ü§£",@AARRPP,https://yt3.ggpht.com/ytc/AIf8zZQ8c6--DPwsicysotbZZPfUPSekR2L5vRIEiA=s48-c-k-c0x00ffffff-no-rj,http://www.youtube.com/@AARRPP,{'value': 'UCKbMyDfaj_DopGa5z1PhsSA'},True,none,2,2023-02-01T16:54:15Z,2023-02-01T16:54:15Z,UgzpvG_ruYNz-il99qN4AaABAg
UCmb0LnmFYceH7toqgmUTJDA,,@ARP jajajaj t√≠pica respuesta de alguien que lo que tiene es una play 3 con hacks üòÇüòÇüòÇü§£ü§£ he visto como mil iguales,@ARP jajajaj t√≠pica respuesta de alguien que lo que tiene es una play 3 con hacks üòÇüòÇüòÇü§£ü§£ he visto como mil iguales,@josemontero5896,https://yt3.ggpht.com/ytc/AIf8zZTFDadc8OUS9XDbtlV9arCgMYRHc0Tp43cKFbrcnQ=s48-c-k-c0x00ffffff-no-rj,http://www.youtube.com/@josemontero5896,{'value': 'UCu3sI7lSf33Zxq59PLHH1dg'},True,none,5,2023-02-01T16:54:36Z,2023-02-01T16:54:36Z,UgzpvG_ruYNz-il99qN4AaABAg
UCmb0LnmFYceH7toqgmUTJDA,,Que dejen comentar a esta gente... se ve que son los mismos los que moderan los foros y youtube,Que dejen comentar a esta gente... se ve que son los mismos los que moderan los foros y youtube,@AnieMichi,https://yt3.ggpht.com/NRKPbKQnwFCACcgTDbiCZjlu5o0IHsIUKAbT9tR85sHucDNEXvR-2kkpTqQTgXxLuMxEyzofhA=s48-c-k-c0x00ffffff-no-rj,http://www.youtube.com/@AnieMichi,{'value': 'UCyyJNQfUEKsEAzv5FNO6sUQ'},True,none,2,2023-02-01T17:04:19Z,2023-02-01T17:04:19Z,UgzpvG_ruYNz-il99qN4AaABAg
UCmb0LnmFYceH7toqgmUTJDA,,"@Ignacio D ¬øQue pas√≥, os aburristeis el a√±o pasado sin ning√∫n juego de xbox? ü§£","@Ignacio D ¬øQue pas√≥, os aburristeis el a√±o pasado sin ning√∫n juego de xbox? ü§£",@AARRPP,https://yt3.ggpht.com/ytc/AIf8zZQ8c6--DPwsicysotbZZPfUPSekR2L5vRIEiA=s48-c-k-c0x00ffffff-no-rj,http://www.youtube.com/@AARRPP,{'value': 'UCKbMyDfaj_DopGa5z1PhsSA'},True,none,2,2023-02-01T17:09:09Z,2023-02-01T17:09:09Z,UgzpvG_ruYNz-il99qN4AaABAg
UCmb0LnmFYceH7toqgmUTJDA,,@Jose Montero t√≠pica respuesta de un latino que solo llega para comprar una serie s ü§£,@Jose Montero t√≠pica respuesta de un latino que solo llega para comprar una serie s ü§£,@AARRPP,https://yt3.ggpht.com/ytc/AIf8zZQ8c6--DPwsicysotbZZPfUPSekR2L5vRIEiA=s48-c-k-c0x00ffffff-no-rj,http://www.youtube.com/@AARRPP,{'value': 'UCKbMyDfaj_DopGa5z1PhsSA'},True,none,2,2023-02-01T17:10:04Z,2023-02-01T17:10:04Z,UgzpvG_ruYNz-il99qN4AaABAg
UCmb0LnmFYceH7toqgmUTJDA,,"@El IV quitale las pilas al mando de xbox, que sin jugar a nada se sulfatan ü§£","@El IV quitale las pilas al mando de xbox, que sin jugar a nada se sulfatan ü§£",@AARRPP,https://yt3.ggpht.com/ytc/AIf8zZQ8c6--DPwsicysotbZZPfUPSekR2L5vRIEiA=s48-c-k-c0x00ffffff-no-rj,http://www.youtube.com/@AARRPP,{'value': 'UCKbMyDfaj_DopGa5z1PhsSA'},True,none,1,2023-02-01T17:11:17Z,2023-02-01T17:11:17Z,UgzpvG_ruYNz-il99qN4AaABAg
UCmb0LnmFYceH7toqgmUTJDA,,@Oscar Iba√±ez ¬øTienes una serie s oreo? ¬øTe la regalaron a comprar galletas? No tienes dinero para m√°s mejicanito.,@Oscar Iba√±ez ¬øTienes una serie s oreo? ¬øTe la regalaron a comprar galletas? No tienes dinero para m√°s mejicanito.,@AARRPP,https://yt3.ggpht.com/ytc/AIf8zZQ8c6--DPwsicysotbZZPfUPSekR2L5vRIEiA=s48-c-k-c0x00ffffff-no-rj,http://www.youtube.com/@AARRPP,{'value': 'UCKbMyDfaj_DopGa5z1PhsSA'},True,none,0,2023-02-01T17:12:54Z,2023-02-01T17:12:54Z,UgzpvG_ruYNz-il99qN4AaABAg
UCmb0LnmFYceH7toqgmUTJDA,,@Esau Marquez llora parroquiasno ü§£,@Esau Marquez llora parroquiasno ü§£,@AARRPP,https://yt3.ggpht.com/ytc/AIf8zZQ8c6--DPwsicysotbZZPfUPSekR2L5vRIEiA=s48-c-k-c0x00ffffff-no-rj,http://www.youtube.com/@AARRPP,{'value': 'UCKbMyDfaj_DopGa5z1PhsSA'},True,none,2,2023-02-01T17:13:23Z,2023-02-01T17:13:23Z,UgzpvG_ruYNz-il99qN4AaABAg
UCmb0LnmFYceH7toqgmUTJDA,,"@ARP pues una series S es mucho mejor que un PS4 pro , aunque tu probablemente solo tengas una PS4 normal ü§£ü§£ü§£","@ARP pues una series S es mucho mejor que un PS4 pro , aunque tu probablemente solo tengas una PS4 normal ü§£ü§£ü§£",@TheDaRkSaGe10,https://yt3.ggpht.com/ytc/AIf8zZQLHGOK3Ad1cBR4QOuDcezFruLHCBskl-AdTn_aSg=s48-c-k-c0x00ffffff-no-rj,http://www.youtube.com/@TheDaRkSaGe10,{'value': 'UCufy6n0SOXzY6XE-QWK42uw'},True,none,1,2023-02-01T17:14:19Z,2023-02-01T17:14:19Z,UgzpvG_ruYNz-il99qN4AaABAg
UCmb0LnmFYceH7toqgmUTJDA,,"@ARP Por qu√© no jugar√≠a a nada? Ahora estoy con Hi fi Rush y Persona 5 Royal :D. Te recomiendo que te la saques un poco, la traes bien atorada","@ARP Por qu√© no jugar√≠a a nada? Ahora estoy con Hi fi Rush y Persona 5 Royal :D. Te recomiendo que te la saques un poco, la traes bien atorada",@elvueltas4955,https://yt3.ggpht.com/ytc/AIf8zZQMh0TyXX9gKdcy02CC22vuPNFXUUpFdTThgQ=s48-c-k-c0x00ffffff-no-rj,http://www.youtube.com/@elvueltas4955,{'value': 'UCmcOwB4nJ5j1GcrztHU6wTg'},True,none,3,2023-02-01T17:15:41Z,2023-02-01T17:15:41Z,UgzpvG_ruYNz-il99qN4AaABAg
UCmb0LnmFYceH7toqgmUTJDA,,@El IV ¬øTe olvidaste de tomar la pastilla para la depresi√≥n?,@El IV ¬øTe olvidaste de tomar la pastilla para la depresi√≥n?,@AARRPP,https://yt3.ggpht.com/ytc/AIf8zZQ8c6--DPwsicysotbZZPfUPSekR2L5vRIEiA=s48-c-k-c0x00ffffff-no-rj,http://www.youtube.com/@AARRPP,{'value': 'UCKbMyDfaj_DopGa5z1PhsSA'},True,none,2,2023-02-01T17:17:17Z,2023-02-01T17:17:17Z,UgzpvG_ruYNz-il99qN4AaABAg
UCmb0LnmFYceH7toqgmUTJDA,,"@Rony Zavala claaaaro, xbox series ezes fecales es mejor que un pc de la NASA ü§£","@Rony Zavala claaaaro, xbox series ezes fecales es mejor que un pc de la NASA ü§£",@AARRPP,https://yt3.ggpht.com/ytc/AIf8zZQ8c6--DPwsicysotbZZPfUPSekR2L5vRIEiA=s48-c-k-c0x00ffffff-no-rj,http://www.youtube.com/@AARRPP,{'value': 'UCKbMyDfaj_DopGa5z1PhsSA'},True,none,2,2023-02-01T17:18:08Z,2023-02-01T17:18:08Z,UgzpvG_ruYNz-il99qN4AaABAg
UCmb0LnmFYceH7toqgmUTJDA,,"@El IV a ti si que se te a atorado las pilas ü§£, menuda basura de juegos.","@El IV a ti si que se te a atorado las pilas ü§£, menuda basura de juegos.",@AARRPP,https://yt3.ggpht.com/ytc/AIf8zZQ8c6--DPwsicysotbZZPfUPSekR2L5vRIEiA=s48-c-k-c0x00ffffff-no-rj,http://www.youtube.com/@AARRPP,{'value': 'UCKbMyDfaj_DopGa5z1PhsSA'},True,none,1,2023-02-01T17:22:09Z,2023-02-01T17:22:09Z,UgzpvG_ruYNz-il99qN4AaABAg
UCmb0LnmFYceH7toqgmUTJDA,,@ARP Depresi√≥n la que le da like a sus propios comentarios :C pobrecita gente,@ARP Depresi√≥n la que le da like a sus propios comentarios :C pobrecita gente,@elvueltas4955,https://yt3.ggpht.com/ytc/AIf8zZQMh0TyXX9gKdcy02CC22vuPNFXUUpFdTThgQ=s48-c-k-c0x00ffffff-no-rj,http://www.youtube.com/@elvueltas4955,{'value': 'UCmcOwB4nJ5j1GcrztHU6wTg'},True,none,2,2023-02-01T17:22:14Z,2023-02-01T17:22:14Z,UgzpvG_ruYNz-il99qN4AaABAg
UCmb0LnmFYceH7toqgmUTJDA,,@ARP Persona 5 es basura? Wow... tenerla tan adentro te hace muy mal. Qu√© tan triste debe ser tu vida que hasta finges tener una PC master race y no te alcanza ni para una PS4 :C,@ARP Persona 5 es basura? Wow... tenerla tan adentro te hace muy mal. Qu√© tan triste debe ser tu vida que hasta finges tener una PC master race y no te alcanza ni para una PS4 :C,@elvueltas4955,https://yt3.ggpht.com/ytc/AIf8zZQMh0TyXX9gKdcy02CC22vuPNFXUUpFdTThgQ=s48-c-k-c0x00ffffff-no-rj,http://www.youtube.com/@elvueltas4955,{'value': 'UCmcOwB4nJ5j1GcrztHU6wTg'},True,none,4,2023-02-01T17:25:49Z,2023-02-01T17:25:49Z,UgzpvG_ruYNz-il99qN4AaABAg
UCmb0LnmFYceH7toqgmUTJDA,,"@El IV un juego mediocre para un pilero es un gran juego, es lo que hay cuando xbox no hace buenos juegos.","@El IV un juego mediocre para un pilero es un gran juego, es lo que hay cuando xbox no hace buenos juegos.",@AARRPP,https://yt3.ggpht.com/ytc/AIf8zZQ8c6--DPwsicysotbZZPfUPSekR2L5vRIEiA=s48-c-k-c0x00ffffff-no-rj,http://www.youtube.com/@AARRPP,{'value': 'UCKbMyDfaj_DopGa5z1PhsSA'},True,none,1,2023-02-01T17:29:55Z,2023-02-01T17:29:55Z,UgzpvG_ruYNz-il99qN4AaABAg
UCmb0LnmFYceH7toqgmUTJDA,,Al menos es mejor que forspoken,Al menos es mejor que forspoken,@locolocoloco5434,https://yt3.ggpht.com/xNqPmT2pEBR40ty7_jqTvAzo639U7fNPy0o8TTUneFTuPFesoEN4PY8WaGpSY_l3-fnrD3dN-Lg=s48-c-k-c0x00ffffff-no-rj,http://www.youtube.com/@locolocoloco5434,{'value': 'UCYjfN_j1-U00R8U1KLn5kNQ'},True,none,0,2023-02-01T17:42:23Z,2023-02-01T17:42:23Z,UgzpvG_ruYNz-il99qN4AaABAg
UCmb0LnmFYceH7toqgmUTJDA,,"@loco loco loco forspoken no es de PlayStation, eres muy gili","@loco loco loco forspoken no es de PlayStation, eres muy gili",@AARRPP,https://yt3.ggpht.com/ytc/AIf8zZQ8c6--DPwsicysotbZZPfUPSekR2L5vRIEiA=s48-c-k-c0x00ffffff-no-rj,http://www.youtube.com/@AARRPP,{'value': 'UCKbMyDfaj_DopGa5z1PhsSA'},True,none,0,2023-02-01T17:49:46Z,2023-02-01T17:49:46Z,UgzpvG_ruYNz-il99qN4AaABAg
UCmb0LnmFYceH7toqgmUTJDA,,"Si tu √∫nico objetivo es tirar a cualquier juego que no salga en xbox, entonces tu vida es muy triste .","Si tu √∫nico objetivo es tirar a cualquier juego que no salga en xbox, entonces tu vida es muy triste .",@AARRPP,https://yt3.ggpht.com/ytc/AIf8zZQ8c6--DPwsicysotbZZPfUPSekR2L5vRIEiA=s48-c-k-c0x00ffffff-no-rj,http://www.youtube.com/@AARRPP,{'value': 'UCKbMyDfaj_DopGa5z1PhsSA'},True,none,2,2023-02-01T17:51:03Z,2023-02-01T17:51:03Z,UgzpvG_ruYNz-il99qN4AaABAg
UCmb0LnmFYceH7toqgmUTJDA,,"@ARP <br>Y yo cuando dije que era de playstation pendejo, aprende a leer üòÇüòÇüòÇüòÇ","@ARP 
Y yo cuando dije que era de playstation pendejo, aprende a leer üòÇüòÇüòÇüòÇ",@locolocoloco5434,https://yt3.ggpht.com/xNqPmT2pEBR40ty7_jqTvAzo639U7fNPy0o8TTUneFTuPFesoEN4PY8WaGpSY_l3-fnrD3dN-Lg=s48-c-k-c0x00ffffff-no-rj,http://www.youtube.com/@locolocoloco5434,{'value': 'UCYjfN_j1-U00R8U1KLn5kNQ'},True,none,0,2023-02-01T17:54:26Z,2023-02-01T17:54:26Z,UgzpvG_ruYNz-il99qN4AaABAg
UCmb0LnmFYceH7toqgmUTJDA,,"‚Äã@ARP Vaya comunidad sumamente t√≥xica la de Xbox. Fanatismo en su estado puro. No toleran para nada la cr√≠tica, a la primera que haces una vienen en hordas con los insultos y te tachan de ser del bando contrario, como si solo hubiera esos dos. Qu√© asquito. ¬øSus peque√±os cerebros no dan para m√°s?<br><br>Aunque no por eso quiero decir que la de la competencia sea mejor, por supuesto.","‚Äã@ARP Vaya comunidad sumamente t√≥xica la de Xbox. Fanatismo en su estado puro. No toleran para nada la cr√≠tica, a la primera que haces una vienen en hordas con los insultos y te tachan de ser del bando contrario, como si solo hubiera esos dos. Qu√© asquito. ¬øSus peque√±os cerebros no dan para m√°s?

Aunque no por eso quiero decir que la de la competencia sea mejor, por supuesto.",@AdadG,https://yt3.ggpht.com/ytc/AIf8zZRqqWtUdmsQc3qzI88v0PlCLmr0DkcfoI9k-4PXuw=s48-c-k-c0x00ffffff-no-rj,http://www.youtube.com/@AdadG,{'value': 'UCkgWwWpFXwW3g-mlUKOPhlg'},True,none,2,2023-02-01T19:49:03Z,2023-02-01T19:49:03Z,UgzpvG_ruYNz-il99qN4AaABAg
UCmb0LnmFYceH7toqgmUTJDA,,"@Adad G Criticar algo significa decirle &quot;pobrepass&quot; a un servicio? De verdad? Cr√≠tica ser√≠a decir &quot;el juego no me convenci√≥, no es para m√≠&quot;, pero se la pasan juzgando algo que ni han tocado. Y no, aqu√≠ no hay bandos, no hay blanco o negro, aqu√≠ hay alguien que juzga a toda una comunidad llam√°ndola &quot;pobre&quot; y d√°ndoselas de millonario con una PC imaginaria.","@Adad G Criticar algo significa decirle ""pobrepass"" a un servicio? De verdad? Cr√≠tica ser√≠a decir ""el juego no me convenci√≥, no es para m√≠"", pero se la pasan juzgando algo que ni han tocado. Y no, aqu√≠ no hay bandos, no hay blanco o negro, aqu√≠ hay alguien que juzga a toda una comunidad llam√°ndola ""pobre"" y d√°ndoselas de millonario con una PC imaginaria.",@elvueltas4955,https://yt3.ggpht.com/ytc/AIf8zZQMh0TyXX9gKdcy02CC22vuPNFXUUpFdTThgQ=s48-c-k-c0x00ffffff-no-rj,http://www.youtube.com/@elvueltas4955,{'value': 'UCmcOwB4nJ5j1GcrztHU6wTg'},True,none,3,2023-02-01T19:55:30Z,2023-02-01T19:55:30Z,UgzpvG_ruYNz-il99qN4AaABAg
UCmb0LnmFYceH7toqgmUTJDA,,"@El IV ¬†@El IV¬† No, la cr√≠tica est√° en su primer comentario, en lo sucesivo no hizo m√°s que contestarles en su mismo tono y desvi√°ndose del tema principal, como ellos; cosa que yo no har√©.","@El IV ¬†@El IV¬† No, la cr√≠tica est√° en su primer comentario, en lo sucesivo no hizo m√°s que contestarles en su mismo tono y desvi√°ndose del tema principal, como ellos; cosa que yo no har√©.",@AdadG,https://yt3.ggpht.com/ytc/AIf8zZRqqWtUdmsQc3qzI88v0PlCLmr0DkcfoI9k-4PXuw=s48-c-k-c0x00ffffff-no-rj,http://www.youtube.com/@AdadG,{'value': 'UCkgWwWpFXwW3g-mlUKOPhlg'},True,none,1,2023-02-01T20:09:22Z,2023-02-01T20:09:22Z,UgzpvG_ruYNz-il99qN4AaABAg
UCmb0LnmFYceH7toqgmUTJDA,,"@Adad G El tema principal es que para tu amigo el Game Pass es para pobres, qu√© bueno que defiendes esas ideas para nada t√≥xicas. Saludos.","@Adad G El tema principal es que para tu amigo el Game Pass es para pobres, qu√© bueno que defiendes esas ideas para nada t√≥xicas. Saludos.",@elvueltas4955,https://yt3.ggpht.com/ytc/AIf8zZQMh0TyXX9gKdcy02CC22vuPNFXUUpFdTThgQ=s48-c-k-c0x00ffffff-no-rj,http://www.youtube.com/@elvueltas4955,{'value': 'UCmcOwB4nJ5j1GcrztHU6wTg'},True,none,2,2023-02-01T20:10:36Z,2023-02-01T20:10:36Z,UgzpvG_ruYNz-il99qN4AaABAg
UCmb0LnmFYceH7toqgmUTJDA,,"@El IV ¬°Ja, ja, ja! Qu√© pat√©tico. Yo no caigo en esos jueguitos falaces. <br>El tema principal, que el abri√≥, es el juego y el Game Pass. Si te hiere lo que dijo es cosa tuya, y bien puedes dejarlo pasar, contraargumentarlo o insultarlo, como tus &quot;amigos&quot; dir√°s t√∫. <br>Y lo que el dijo despu√©s es su responsabilidad, no la m√≠a, y ni lo conozco.","@El IV ¬°Ja, ja, ja! Qu√© pat√©tico. Yo no caigo en esos jueguitos falaces. 
El tema principal, que el abri√≥, es el juego y el Game Pass. Si te hiere lo que dijo es cosa tuya, y bien puedes dejarlo pasar, contraargumentarlo o insultarlo, como tus ""amigos"" dir√°s t√∫. 
Y lo que el dijo despu√©s es su responsabilidad, no la m√≠a, y ni lo conozco.",@AdadG,https://yt3.ggpht.com/ytc/AIf8zZRqqWtUdmsQc3qzI88v0PlCLmr0DkcfoI9k-4PXuw=s48-c-k-c0x00ffffff-no-rj,http://www.youtube.com/@AdadG,{'value': 'UCkgWwWpFXwW3g-mlUKOPhlg'},True,none,0,2023-02-01T20:22:08Z,2023-02-01T20:22:08Z,UgzpvG_ruYNz-il99qN4AaABAg
UCmb0LnmFYceH7toqgmUTJDA,,"@Adad G Para defender tanto a alguien que no conoces en YT, lo defiendes demasiado. El punto es que no se critica al juego o a GP por su contenido, sino por considerarlo &quot;para pobres&quot;, y s√≠, coincido, qu√© pat√©tico caer en esos jueguitos de juzgar algo que no has ni tocado.","@Adad G Para defender tanto a alguien que no conoces en YT, lo defiendes demasiado. El punto es que no se critica al juego o a GP por su contenido, sino por considerarlo ""para pobres"", y s√≠, coincido, qu√© pat√©tico caer en esos jueguitos de juzgar algo que no has ni tocado.",@elvueltas4955,https://yt3.ggpht.com/ytc/AIf8zZQMh0TyXX9gKdcy02CC22vuPNFXUUpFdTThgQ=s48-c-k-c0x00ffffff-no-rj,http://www.youtube.com/@elvueltas4955,{'value': 'UCmcOwB4nJ5j1GcrztHU6wTg'},True,none,2,2023-02-01T20:24:29Z,2023-02-01T20:24:29Z,UgzpvG_ruYNz-il99qN4AaABAg
UCmb0LnmFYceH7toqgmUTJDA,,"@El IV ¬† Ahhh, mira, qu√© maravilla. Paso ya de responderte despu√©s pues ya te has ido del tema y solo contesto eso porque no vaya a ser que creas que me dejaste at√≥nito ante tu impecable y magistral argumentaci√≥n","@El IV ¬† Ahhh, mira, qu√© maravilla. Paso ya de responderte despu√©s pues ya te has ido del tema y solo contesto eso porque no vaya a ser que creas que me dejaste at√≥nito ante tu impecable y magistral argumentaci√≥n",@AdadG,https://yt3.ggpht.com/ytc/AIf8zZRqqWtUdmsQc3qzI88v0PlCLmr0DkcfoI9k-4PXuw=s48-c-k-c0x00ffffff-no-rj,http://www.youtube.com/@AdadG,{'value': 'UCkgWwWpFXwW3g-mlUKOPhlg'},True,none,0,2023-02-01T20:32:36Z,2023-02-01T20:32:36Z,UgzpvG_ruYNz-il99qN4AaABAg
UCmb0LnmFYceH7toqgmUTJDA,,"@Adad G cu√°l argumentaci√≥n? S√≥lo digo que me parece absurdo que haya gente que hoy en d√≠a diga que el Game Pass es de pobres, o que la gente juzgue algo sin haberlo tocado (o jugado en este caso). Pero s√≠, no te apures, sigue defendiendo a tu amigo el &quot;Pobre Pass&quot;. Saludos :D","@Adad G cu√°l argumentaci√≥n? S√≥lo digo que me parece absurdo que haya gente que hoy en d√≠a diga que el Game Pass es de pobres, o que la gente juzgue algo sin haberlo tocado (o jugado en este caso). Pero s√≠, no te apures, sigue defendiendo a tu amigo el ""Pobre Pass"". Saludos :D",@elvueltas4955,https://yt3.ggpht.com/ytc/AIf8zZQMh0TyXX9gKdcy02CC22vuPNFXUUpFdTThgQ=s48-c-k-c0x00ffffff-no-rj,http://www.youtube.com/@elvueltas4955,{'value': 'UCmcOwB4nJ5j1GcrztHU6wTg'},True,none,0,2023-02-01T20:35:54Z,2023-02-01T20:35:54Z,UgzpvG_ruYNz-il99qN4AaABAg
UCmb0LnmFYceH7toqgmUTJDA,,"@El IV pero si yo juego en PC, no tengo consola. Mira el segundo comentario, os qued√°is retratados.","@El IV pero si yo juego en PC, no tengo consola. Mira el segundo comentario, os qued√°is retratados.",@AARRPP,https://yt3.ggpht.com/ytc/AIf8zZQ8c6--DPwsicysotbZZPfUPSekR2L5vRIEiA=s48-c-k-c0x00ffffff-no-rj,http://www.youtube.com/@AARRPP,{'value': 'UCKbMyDfaj_DopGa5z1PhsSA'},True,none,0,2023-02-01T20:50:11Z,2023-02-01T20:50:11Z,UgzpvG_ruYNz-il99qN4AaABAg
UCmb0LnmFYceH7toqgmUTJDA,,@El IV y encima tengo el pobrepass a un d√≥lar ü§£,@El IV y encima tengo el pobrepass a un d√≥lar ü§£,@AARRPP,https://yt3.ggpht.com/ytc/AIf8zZQ8c6--DPwsicysotbZZPfUPSekR2L5vRIEiA=s48-c-k-c0x00ffffff-no-rj,http://www.youtube.com/@AARRPP,{'value': 'UCKbMyDfaj_DopGa5z1PhsSA'},True,none,0,2023-02-01T20:51:04Z,2023-02-01T20:51:04Z,UgzpvG_ruYNz-il99qN4AaABAg
UCmb0LnmFYceH7toqgmUTJDA,,@El IV si es para pobres k le hago yo? ü§∑üèª‚Äç‚ôÇÔ∏è. Por un dolar quien lo va a coger para jugar a juegos regulares en la actualidad.,@El IV si es para pobres k le hago yo? ü§∑üèª‚Äç‚ôÇÔ∏è. Por un dolar quien lo va a coger para jugar a juegos regulares en la actualidad.,@AARRPP,https://yt3.ggpht.com/ytc/AIf8zZQ8c6--DPwsicysotbZZPfUPSekR2L5vRIEiA=s48-c-k-c0x00ffffff-no-rj,http://www.youtube.com/@AARRPP,{'value': 'UCKbMyDfaj_DopGa5z1PhsSA'},True,none,0,2023-02-01T20:52:11Z,2023-02-01T20:52:11Z,UgzpvG_ruYNz-il99qN4AaABAg
UCmb0LnmFYceH7toqgmUTJDA,,"@ARP y por qu√© crees que cuesta $1? No tienes ni idea de qu√© hablas. Anda, sigue jugando con tu PC imaginaria.","@ARP y por qu√© crees que cuesta $1? No tienes ni idea de qu√© hablas. Anda, sigue jugando con tu PC imaginaria.",@elvueltas4955,https://yt3.ggpht.com/ytc/AIf8zZQMh0TyXX9gKdcy02CC22vuPNFXUUpFdTThgQ=s48-c-k-c0x00ffffff-no-rj,http://www.youtube.com/@elvueltas4955,{'value': 'UCmcOwB4nJ5j1GcrztHU6wTg'},True,none,0,2023-02-01T20:55:33Z,2023-02-01T20:55:33Z,UgzpvG_ruYNz-il99qN4AaABAg
UCmb0LnmFYceH7toqgmUTJDA,,"@ARP anda pues, sigue imaginando tu consola master race de la NASA, no juegas a nada jajajajaja","@ARP anda pues, sigue imaginando tu consola master race de la NASA, no juegas a nada jajajajaja",@elvueltas4955,https://yt3.ggpht.com/ytc/AIf8zZQMh0TyXX9gKdcy02CC22vuPNFXUUpFdTThgQ=s48-c-k-c0x00ffffff-no-rj,http://www.youtube.com/@elvueltas4955,{'value': 'UCmcOwB4nJ5j1GcrztHU6wTg'},True,none,0,2023-02-01T20:56:18Z,2023-02-01T20:56:18Z,UgzpvG_ruYNz-il99qN4AaABAg
UCmb0LnmFYceH7toqgmUTJDA,,"@El IV cuesta un dolar porque microsoft os ests enga√±ando, para que la competencia fracase a base de comprar estudios, que m√°s gente se subscriba a servicios si quieres jugar a algo y no hacer grandes juegos. Yo m√°s de un dolar no voy a pagar jam√°s,no merece la pena.","@El IV cuesta un dolar porque microsoft os ests enga√±ando, para que la competencia fracase a base de comprar estudios, que m√°s gente se subscriba a servicios si quieres jugar a algo y no hacer grandes juegos. Yo m√°s de un dolar no voy a pagar jam√°s,no merece la pena.",@AARRPP,https://yt3.ggpht.com/ytc/AIf8zZQ8c6--DPwsicysotbZZPfUPSekR2L5vRIEiA=s48-c-k-c0x00ffffff-no-rj,http://www.youtube.com/@AARRPP,{'value': 'UCKbMyDfaj_DopGa5z1PhsSA'},True,none,0,2023-02-01T21:00:31Z,2023-02-01T21:00:31Z,UgzpvG_ruYNz-il99qN4AaABAg
UCmb0LnmFYceH7toqgmUTJDA,,"@ARP Pero bueno, no podr√≠a esperarse m√°s de alguien que no juega a nada y se inventa que tiene una PC master race jajajaja. Saludos.","@ARP Pero bueno, no podr√≠a esperarse m√°s de alguien que no juega a nada y se inventa que tiene una PC master race jajajaja. Saludos.",@elvueltas4955,https://yt3.ggpht.com/ytc/AIf8zZQMh0TyXX9gKdcy02CC22vuPNFXUUpFdTThgQ=s48-c-k-c0x00ffffff-no-rj,http://www.youtube.com/@elvueltas4955,{'value': 'UCmcOwB4nJ5j1GcrztHU6wTg'},True,none,1,2023-02-01T21:13:13Z,2023-02-01T21:13:13Z,UgzpvG_ruYNz-il99qN4AaABAg
UCmb0LnmFYceH7toqgmUTJDA,,"@El IV pero porque dices que no tengo pc y que no juego a nada?. Os imagin√°is cosas que est√°n solamente en una mente enferma, no es normal llamarme pitufo, pipero, ... porque no me guste un juego o un servicio de una empresa que no me da de comer.","@El IV pero porque dices que no tengo pc y que no juego a nada?. Os imagin√°is cosas que est√°n solamente en una mente enferma, no es normal llamarme pitufo, pipero, ... porque no me guste un juego o un servicio de una empresa que no me da de comer.",@AARRPP,https://yt3.ggpht.com/ytc/AIf8zZQ8c6--DPwsicysotbZZPfUPSekR2L5vRIEiA=s48-c-k-c0x00ffffff-no-rj,http://www.youtube.com/@AARRPP,{'value': 'UCKbMyDfaj_DopGa5z1PhsSA'},True,none,0,2023-02-01T21:19:32Z,2023-02-01T21:19:32Z,UgzpvG_ruYNz-il99qN4AaABAg
UCmb0LnmFYceH7toqgmUTJDA,nte0e0p4gwk,"Que ganas de jugarlo :D llevo esperando un juego asi desde hace mucho tiempo, que mal que no tengo pasta para comprarlo, me conformare con gameplays :)","Que ganas de jugarlo :D llevo esperando un juego asi desde hace mucho tiempo, que mal que no tengo pasta para comprarlo, me conformare con gameplays :)",@DarkBongoYT,https://yt3.ggpht.com/9DaYLlCFIlWHGnl0D3VV3826MpY49r2wFXbFLhHGO-1PAyurmY0V0zTyU-Pvn8fjFQGgNh8f=s48-c-k-c0x00ffffff-no-rj,http://www.youtube.com/channel/UCmKPMGxXqge6aoUE69r3Wpw,{'value': 'UCmKPMGxXqge6aoUE69r3Wpw'},True,none,7,2023-02-01T15:15:19Z,2023-02-01T15:15:19Z,
UCmb0LnmFYceH7toqgmUTJDA,,Compra un mes de gamepass y lo juegas en PC o consola,Compra un mes de gamepass y lo juegas en PC o consola,@BILLYDEADKID,https://yt3.ggpht.com/gBoj07AnJjOBPyf1t2f2wTokd4zaqzhjS4aWPlCtzvQYNqoTOfcdhj7tUz6Rgr3fS_BtBJQMOQ=s48-c-k-c0x00ffffff-no-rj,http://www.youtube.com/@BILLYDEADKID,{'value': 'UCbHTJQqNqc-ZJBmXnnrZ58w'},True,none,1,2023-02-01T15:38:20Z,2023-02-01T15:38:20Z,Ugz2DG58k0SJ7foji1t4AaABAg
UCmb0LnmFYceH7toqgmUTJDA,,O lo juegas en la nube con gamepass en tu celular con un control,O lo juegas en la nube con gamepass en tu celular con un control,@joseyeisonsaldarriagavalen6739,https://yt3.ggpht.com/ytc/AIf8zZR_tVQbIOHrhA1a_kiC1OH1l3ZgdIFC0Czx-NxE=s48-c-k-c0x00ffffff-no-rj,http://www.youtube.com/@joseyeisonsaldarriagavalen6739,{'value': 'UCrpLe_u4gtLIArQxqZVbBpg'},True,none,0,2023-02-01T16:06:19Z,2023-02-01T16:06:19Z,Ugz2DG58k0SJ7foji1t4AaABAg
UCmb0LnmFYceH7toqgmUTJDA,,Pues no veo impedimento almenos que ni tengas computadora,Pues no veo impedimento almenos que ni tengas computadora,@kikatomoshichikujika9668,https://yt3.ggpht.com/ytc/AIf8zZS9afJFdKTD0LoGDU6WykSaqCTXZkegfK08r4lH=s48-c-k-c0x00ffffff-no-rj,http://www.youtube.com/@kikatomoshichikujika9668,{'value': 'UCDGJu_q3z_tWq2MClqDlp4Q'},True,none,1,2023-02-01T16:16:32Z,2023-02-01T16:16:32Z,Ugz2DG58k0SJ7foji1t4AaABAg
UCmb0LnmFYceH7toqgmUTJDA,,@Kikato Moshichikujika posible quiere comprar la consola maybe la pc no es muy potente.,@Kikato Moshichikujika posible quiere comprar la consola maybe la pc no es muy potente.,@inmortal131,https://yt3.ggpht.com/ytc/AIf8zZSPQRrpKwcC0J6hFaDI_B7vE6kuMn0WlakCq0Gl=s48-c-k-c0x00ffffff-no-rj,http://www.youtube.com/@inmortal131,{'value': 'UC-7ibY1o0yF3ehcT92HGOIw'},True,none,0,2023-02-01T16:20:01Z,2023-02-01T16:20:01Z,Ugz2DG58k0SJ7foji1t4AaABAg
UCmb0LnmFYceH7toqgmUTJDA,,Sabes que los puedes jugar en gamepass?,Sabes que los puedes jugar en gamepass?,@blackkaiser6731,https://yt3.ggpht.com/FtCMdjbzPt74LdhMJ4HlkBc2sD-82vBQs06ODKqqGV6JWpvz6N_WMIfv90SBEv4uvOuGWn9LYfk=s48-c-k-c0x00ffffff-no-rj,http://www.youtube.com/@blackkaiser6731,{'value': 'UChbAQJBgPBcyMGA5-HJUErg'},True,none,0,2023-02-01T17:26:57Z,2023-02-01T17:26:57Z,Ugz2DG58k0SJ7foji1t4AaABAg
UCmb0LnmFYceH7toqgmUTJDA,,Gracias por la recomendaci√≥n en unos dias vere si puedo obtener el gamepass (mi pc si es bastante potente a pesar de ser laptop puede correr doom eternal sin problemas),Gracias por la recomendaci√≥n en unos dias vere si puedo obtener el gamepass (mi pc si es bastante potente a pesar de ser laptop puede correr doom eternal sin problemas),@DarkBongoYT,https://yt3.ggpht.com/9DaYLlCFIlWHGnl0D3VV3826MpY49r2wFXbFLhHGO-1PAyurmY0V0zTyU-Pvn8fjFQGgNh8f=s48-c-k-c0x00ffffff-no-rj,http://www.youtube.com/@DarkBongoYT,{'value': 'UCmKPMGxXqge6aoUE69r3Wpw'},True,none,1,2023-02-01T21:50:54Z,2023-02-01T21:50:54Z,Ugz2DG58k0SJ7foji1t4AaABAg
UCmb0LnmFYceH7toqgmUTJDA,nte0e0p4gwk,Se ve mejor q un juego de anime aleluya..,Se ve mejor q un juego de anime aleluya..,@jacksongolden2820,https://yt3.ggpht.com/_T5EOlYjALFJtR4Lh97A3Kb1bp57U2mNkBjCJwu4NC__U_EmmM8Bru_mPYjXKwxRFPPlgRHaNA=s48-c-k-c0x00ffffff-no-rj,http://www.youtube.com/channel/UCNrpH7uaK7UHRexRN918MAw,{'value': 'UCNrpH7uaK7UHRexRN918MAw'},True,none,1,2023-02-01T15:08:33Z,2023-02-01T15:08:33Z,
UCmb0LnmFYceH7toqgmUTJDA,,La est√©tica es incre√≠ble y en cinem√°ticas m√°s a√∫n,La est√©tica es incre√≠ble y en cinem√°ticas m√°s a√∫n,@murcia2130,https://yt3.ggpht.com/ytc/AIf8zZS7hcb5J_wea885vJRiTnwsYMincY0LcGfVBGSfog=s48-c-k-c0x00ffffff-no-rj,http://www.youtube.com/@murcia2130,{'value': 'UCgn3wF9j3pr1hznmIXTgH1g'},True,none,4,2023-02-01T15:12:42Z,2023-02-01T15:12:42Z,UgzrDZ0feny3rMm9L154AaABAg
UCmb0LnmFYceH7toqgmUTJDA,nte0e0p4gwk,"Una demostraci√≥n de que los buenos juegos no necesitan hacer sufrir a tu tostadora, y que en la actualidad las compa√±√≠as te estafan al venderte juegos incompletos por 60$ o m√°s. ¬°Gran juego!","Una demostraci√≥n de que los buenos juegos no necesitan hacer sufrir a tu tostadora, y que en la actualidad las compa√±√≠as te estafan al venderte juegos incompletos por 60$ o m√°s. ¬°Gran juego!",@jaimito3931,https://yt3.ggpht.com/7LkfudA8140TqNY9dqT6SI_7Hgz9btuKb8Oyygz6qIdcAJYf-ggqz9c93_32DgJXG3X54iL_=s48-c-k-c0x00ffffff-no-rj,http://www.youtube.com/channel/UCtBQ8cxyO1CILUkT1nZEsew,{'value': 'UCtBQ8cxyO1CILUkT1nZEsew'},True,none,162,2023-02-01T15:06:02Z,2023-02-01T15:06:02Z,
UCmb0LnmFYceH7toqgmUTJDA,,Am√©n,Am√©n,@strobelightstrobelight9076,https://yt3.ggpht.com/ytc/AIf8zZRacwSV66oVBlrj1kUAmxMhzoDPcDYLZqBPiM9g8g=s48-c-k-c0x00ffffff-no-rj,http://www.youtube.com/@strobelightstrobelight9076,{'value': 'UCWZYlKWr2B5XQBp56ohvbJA'},True,none,9,2023-02-01T15:21:35Z,2023-02-01T15:21:35Z,UgyUDnSyP6U0VhdRH-h4AaABAg
UCmb0LnmFYceH7toqgmUTJDA,,Sab√≠as palabras,Sab√≠as palabras,@raulrivas3328,https://yt3.ggpht.com/ytc/AIf8zZRnnLsC7zsH3-Oy6rI-Bzg2QJzOXguLEtBsBndk4g=s48-c-k-c0x00ffffff-no-rj,http://www.youtube.com/@raulrivas3328,{'value': 'UCb-J2T6ZzNdoV2lrnP2Ub5A'},True,none,7,2023-02-01T16:24:19Z,2023-02-01T16:24:19Z,UgyUDnSyP6U0VhdRH-h4AaABAg
UCmb0LnmFYceH7toqgmUTJDA,,La realidad.,La realidad.,@ricguz09,https://yt3.ggpht.com/ytc/AIf8zZSVZXFY9XJj7n2pUwHmcKwgm8IQ9yNLG7wZhxaV=s48-c-k-c0x00ffffff-no-rj,http://www.youtube.com/@ricguz09,{'value': 'UCXgyahdCL6EhISFWwc4w1xg'},True,none,6,2023-02-01T17:26:09Z,2023-02-01T17:26:09Z,UgyUDnSyP6U0VhdRH-h4AaABAg
UCmb0LnmFYceH7toqgmUTJDA,,Am√©n,Am√©n,@dannyelreyez6700,https://yt3.ggpht.com/ytc/AIf8zZR-lfqwsq3tJXTisVjnmUEflYhXkd_rpftPYzRgIg=s48-c-k-c0x00ffffff-no-rj,http://www.youtube.com/@dannyelreyez6700,{'value': 'UCarSigx7KcLSwVIgwGBNZKQ'},True,none,3,2023-02-01T18:22:05Z,2023-02-01T18:22:05Z,UgyUDnSyP6U0VhdRH-h4AaABAg
UCmb0LnmFYceH7toqgmUTJDA,,"Entonces Dios bajo, y dijo:","Entonces Dios bajo, y dijo:",@vegamonado7562,https://yt3.ggpht.com/HHaz9DP4Bk0bIe7-Oa4lLcuB4RTZ23v1J8uk6hOlcu4o6WQuBCNTvDk0Tl1Oc_y1StEmMyBT=s48-c-k-c0x00ffffff-no-rj,http://www.youtube.com/@vegamonado7562,{'value': 'UCHsAXC_6HZBKOOXyJ2n9Aog'},True,none,5,2023-02-01T19:08:04Z,2023-02-01T19:08:04Z,UgyUDnSyP6U0VhdRH-h4AaABAg
UCmb0LnmFYceH7toqgmUTJDA,,Y dios bajo y dijo:,Y dios bajo y dijo:,@kevinsantos7097,https://yt3.ggpht.com/ytc/AIf8zZR8Ca0Y6dtYK25lGBHhGgylYADmw_4PtNayj3yI_Fk=s48-c-k-c0x00ffffff-no-rj,http://www.youtube.com/@kevinsantos7097,{'value': 'UCA3CBCQbwZQcvHTVvztzI9Q'},True,none,1,2023-02-02T19:37:59Z,2023-02-02T19:37:59Z,UgyUDnSyP6U0VhdRH-h4AaABAg
UCmb0LnmFYceH7toqgmUTJDA,,A d√≥nde tan basado?,A d√≥nde tan basado?,@lacajajurasica1061,https://yt3.ggpht.com/ytc/AIf8zZRxp_6FKXxdwmzb4ZE2MuTm4dIJNbuEGwePsidKtjg=s48-c-k-c0x00ffffff-no-rj,http://www.youtube.com/@lacajajurasica1061,{'value': 'UC94Sz8gTVnIwe0vLHA0eZXw'},True,none,1,2023-02-05T20:48:24Z,2023-02-05T20:48:24Z,UgyUDnSyP6U0VhdRH-h4AaABAg
UCmb0LnmFYceH7toqgmUTJDA,,Joder que basado,Joder que basado,@elbraxxixd7959,https://yt3.ggpht.com/ytc/AIf8zZSxCxECcs3WT1yXlCahVfjjQDaP4-xdEkJjGuWb2A=s48-c-k-c0x00ffffff-no-rj,http://www.youtube.com/@elbraxxixd7959,{'value': 'UCRzCulXDluL3C-4BSNATTQQ'},True,none,0,2023-02-08T05:49:05Z,2023-02-08T05:49:05Z,UgyUDnSyP6U0VhdRH-h4AaABAg
UCmb0LnmFYceH7toqgmUTJDA,,Has visto cu√°nto tiempo y dinero cuesta hacer un videojuego?,Has visto cu√°nto tiempo y dinero cuesta hacer un videojuego?,@Mike-cv7do,https://yt3.ggpht.com/ytc/AIf8zZRW0awkBfZah4kfMMuNKIve5TvouzsGCnH1zCDYYA=s48-c-k-c0x00ffffff-no-rj,http://www.youtube.com/@Mike-cv7do,{'value': 'UCXOgu3YJMj4ooU2GwTMaFqg'},True,none,0,2023-11-16T00:01:41Z,2023-11-16T00:01:41Z,UgyUDnSyP6U0VhdRH-h4AaABAg
UCmb0LnmFYceH7toqgmUTJDA,,"@@Mike-cv7do siempre depender√° de las decisiones de los desarrolladores y la capacidad de los programadores y dise√±adores, actualmente hay AAA que salen con una calidad paup√©rrima y mal optimizados, para que luego un solo sujeto te desarrolle un juego AA  en 5 a√±os y de calidad superior como; bright memory infinite, etc.","@@Mike-cv7do siempre depender√° de las decisiones de los desarrolladores y la capacidad de los programadores y dise√±adores, actualmente hay AAA que salen con una calidad paup√©rrima y mal optimizados, para que luego un solo sujeto te desarrolle un juego AA  en 5 a√±os y de calidad superior como; bright memory infinite, etc.",@jaimito3931,https://yt3.ggpht.com/7LkfudA8140TqNY9dqT6SI_7Hgz9btuKb8Oyygz6qIdcAJYf-ggqz9c93_32DgJXG3X54iL_=s48-c-k-c0x00ffffff-no-rj,http://www.youtube.com/@jaimito3931,{'value': 'UCtBQ8cxyO1CILUkT1nZEsew'},True,none,0,2023-11-16T00:26:07Z,2023-11-16T00:26:06Z,UgyUDnSyP6U0VhdRH-h4AaABAg
UCmb0LnmFYceH7toqgmUTJDA,nte0e0p4gwk,Un machacabotones mas,Un machacabotones mas,@Sayandmiki,https://yt3.ggpht.com/-qUTUfnadjsqDoz32JqOCVc3v--LXl5fKofiQ-Pmy4kG617qvWe2bbjWox7qrPGBNolw3KkG=s48-c-k-c0x00ffffff-no-rj,http://www.youtube.com/channel/UC6ioQS5dvgUUim0EDP6IjuQ,{'value': 'UC6ioQS5dvgUUim0EDP6IjuQ'},True,none,2,2023-02-01T15:03:52Z,2023-02-01T15:03:52Z,
UCmb0LnmFYceH7toqgmUTJDA,,C√≥mo todos los pelijuegos de play,C√≥mo todos los pelijuegos de play,@tu_puta_madr3,https://yt3.ggpht.com/fN1b42GRO_ai85yg0yot88CS6BVWguzm6rE0gZ6y7zF5cQGDerqfqcGxXvsbcE8dAe_see6mBA=s48-c-k-c0x00ffffff-no-rj,http://www.youtube.com/@tu_puta_madr3,{'value': 'UCW6ScyN5ISsZf8Ba1bbOc_Q'},True,none,10,2023-02-01T15:08:08Z,2023-02-01T15:08:08Z,UgxDV3XS7qt5HTRCf2N4AaABAg
UCmb0LnmFYceH7toqgmUTJDA,,"Jajajaja, contin√∫a el ardor de los piperos","Jajajaja, contin√∫a el ardor de los piperos",@ruben4780,https://yt3.ggpht.com/ytc/AIf8zZRAOOl_G1fKYFSQUdDuPRBn-ZdcxsCvxUeIQaLYD3XVXk6aslhmzDoSEtCoBYAm=s48-c-k-c0x00ffffff-no-rj,http://www.youtube.com/@ruben4780,{'value': 'UCDeoFkYmaLqkgGV1FJqYT0g'},True,none,12,2023-02-01T15:30:12Z,2023-02-01T15:30:12Z,UgxDV3XS7qt5HTRCf2N4AaABAg
UCmb0LnmFYceH7toqgmUTJDA,,@Rub√©n que hip√≥crita cuando los juegos de play son m√°s machabotones y peliculas,@Rub√©n que hip√≥crita cuando los juegos de play son m√°s machabotones y peliculas,@tu_puta_madr3,https://yt3.ggpht.com/fN1b42GRO_ai85yg0yot88CS6BVWguzm6rE0gZ6y7zF5cQGDerqfqcGxXvsbcE8dAe_see6mBA=s48-c-k-c0x00ffffff-no-rj,http://www.youtube.com/@tu_puta_madr3,{'value': 'UCW6ScyN5ISsZf8Ba1bbOc_Q'},True,none,4,2023-02-01T15:34:49Z,2023-02-01T15:34:49Z,UgxDV3XS7qt5HTRCf2N4AaABAg
UCmb0LnmFYceH7toqgmUTJDA,,@‚ò≠ÂççKonejo sin caras‚ìÇÔ∏è üôÉ. Acaso dije lo contrario?,@‚ò≠ÂççKonejo sin caras‚ìÇÔ∏è üôÉ. Acaso dije lo contrario?,@ruben4780,https://yt3.ggpht.com/ytc/AIf8zZRAOOl_G1fKYFSQUdDuPRBn-ZdcxsCvxUeIQaLYD3XVXk6aslhmzDoSEtCoBYAm=s48-c-k-c0x00ffffff-no-rj,http://www.youtube.com/@ruben4780,{'value': 'UCDeoFkYmaLqkgGV1FJqYT0g'},True,none,0,2023-02-01T15:41:11Z,2023-02-01T15:41:11Z,UgxDV3XS7qt5HTRCf2N4AaABAg
UCmb0LnmFYceH7toqgmUTJDA,,"@Rub√©n no , pero el de arriba si","@Rub√©n no , pero el de arriba si",@tu_puta_madr3,https://yt3.ggpht.com/fN1b42GRO_ai85yg0yot88CS6BVWguzm6rE0gZ6y7zF5cQGDerqfqcGxXvsbcE8dAe_see6mBA=s48-c-k-c0x00ffffff-no-rj,http://www.youtube.com/@tu_puta_madr3,{'value': 'UCW6ScyN5ISsZf8Ba1bbOc_Q'},True,none,1,2023-02-01T15:46:00Z,2023-02-01T15:46:00Z,UgxDV3XS7qt5HTRCf2N4AaABAg
UCmb0LnmFYceH7toqgmUTJDA,,Como el god of war dices?,Como el god of war dices?,@javi_torres_1983,https://yt3.ggpht.com/qF5HrDGcLinNu_ky8iT3ik4XfStb518-Kar9kD4pgR8rmhMdUBCDBHS0ldt4smjlMhVJ1hem=s48-c-k-c0x00ffffff-no-rj,http://www.youtube.com/@javi_torres_1983,{'value': 'UC5EbBostl_vLUrTt4FXb21A'},True,none,6,2023-02-01T16:12:54Z,2023-02-01T16:12:54Z,UgxDV3XS7qt5HTRCf2N4AaABAg
UCmb0LnmFYceH7toqgmUTJDA,,"<a href=""https://www.youtube.com/watch?v=nte0e0p4gwk&amp;t=147"">2:27</a>",2:27,@miguel70178,https://yt3.ggpht.com/ytc/AIf8zZRMHg8MWpT-w6vBXb4n2C-s30crleY_0ldqxv1m-Q=s48-c-k-c0x00ffffff-no-rj,http://www.youtube.com/@miguel70178,{'value': 'UC720qx0UBE-o61lxuByYi0g'},True,none,1,2023-02-01T16:18:23Z,2023-02-01T16:18:23Z,UgxDV3XS7qt5HTRCf2N4AaABAg
UCmb0LnmFYceH7toqgmUTJDA,,Sigue llorando,Sigue llorando,@AnieMichi,https://yt3.ggpht.com/NRKPbKQnwFCACcgTDbiCZjlu5o0IHsIUKAbT9tR85sHucDNEXvR-2kkpTqQTgXxLuMxEyzofhA=s48-c-k-c0x00ffffff-no-rj,http://www.youtube.com/@AnieMichi,{'value': 'UCyyJNQfUEKsEAzv5FNO6sUQ'},True,none,2,2023-02-01T17:03:14Z,2023-02-01T17:03:14Z,UgxDV3XS7qt5HTRCf2N4AaABAg
UCmb0LnmFYceH7toqgmUTJDA,nte0e0p4gwk,Juegazo,Juegazo,@OLIVO_69,https://yt3.ggpht.com/bOVNSyEj_QP7gkEVuEXQ_9ZCoUOuI62bxGvPgdux-nfmqhTLXrd3CLRazjcjV6-xa1J5fscGaQ=s48-c-k-c0x00ffffff-no-rj,http://www.youtube.com/channel/UClWkjK1GLgE0V5OwAragnLA,{'value': 'UClWkjK1GLgE0V5OwAragnLA'},True,none,3,2023-02-01T14:56:36Z,2023-02-01T14:56:36Z,
UCmb0LnmFYceH7toqgmUTJDA,nte0e0p4gwk,Que pasa de juego! Y que sorpresa!,Que pasa de juego! Y que sorpresa!,@RommelF,https://yt3.ggpht.com/ytc/AIf8zZREWwDiUIyOBKX7dVzyCSwManMbekaMrH0UqjpHNCI=s48-c-k-c0x00ffffff-no-rj,http://www.youtube.com/channel/UCvXDU2KIVzytEkk2VpFiaAQ,{'value': 'UCvXDU2KIVzytEkk2VpFiaAQ'},True,none,5,2023-02-01T14:52:39Z,2023-02-01T14:52:39Z,
UCmb0LnmFYceH7toqgmUTJDA,nte0e0p4gwk,Que buen juego dioooos<br>Buen video,"Que buen juego dioooos
Buen video",@Mole_Py,https://yt3.ggpht.com/U9nepaaPBDfql_-ylP0rhRoLOxQVuh3KjJerzH_dvfKIoBoYS0CpigpIqcYH0R9uSYXfJsUWsg=s48-c-k-c0x00ffffff-no-rj,http://www.youtube.com/channel/UCIJGIDExvxVe5rK3aAmd_6A,{'value': 'UCIJGIDExvxVe5rK3aAmd_6A'},True,none,4,2023-02-01T14:50:24Z,2023-02-01T14:50:24Z,
UCmb0LnmFYceH7toqgmUTJDA,nte0e0p4gwk,Siento que YouTube me ha recomendado este video como 16 veces,Siento que YouTube me ha recomendado este video como 16 veces,@chillhighjosh,https://yt3.ggpht.com/a_8vMDFvEvwu5sDCyjP-QZEIGTl1USuvZyIt-I_tCjzt0phRFBzZU1BjiDVw3bVtrgmYE4qcM_c=s48-c-k-c0x00ffffff-no-rj,http://www.youtube.com/channel/UCL0btQ-oXNK1eOz2TrBxmDA,{'value': 'UCL0btQ-oXNK1eOz2TrBxmDA'},True,none,4,2023-02-01T14:49:02Z,2023-02-01T14:49:02Z,
UCmb0LnmFYceH7toqgmUTJDA,nte0e0p4gwk,Juegazo!!,Juegazo!!,@gudarieh3745,https://yt3.ggpht.com/ytc/AIf8zZT-dGxDpyzHHsbBIj8DBUGM0J_1tXopxp881Avr_E4=s48-c-k-c0x00ffffff-no-rj,http://www.youtube.com/channel/UC4MdQ3C7gbiLjh-qZFRaXNQ,{'value': 'UC4MdQ3C7gbiLjh-qZFRaXNQ'},True,none,4,2023-02-01T14:48:38Z,2023-02-01T14:48:38Z,
UCmb0LnmFYceH7toqgmUTJDA,nte0e0p4gwk,Primer comentario üòÜüòÅüëå,Primer comentario üòÜüòÅüëå,@GOTEO199,https://yt3.ggpht.com/vgZNcQWg_FbKWKGcHGQBKwR2a2D1c4oB-KX1w7RaNjeATRYFSXz4t_l-U6u50B6PCtCevgjhMGk=s48-c-k-c0x00ffffff-no-rj,http://www.youtube.com/channel/UCuRGVE3grZOTc6GUo2Gf7Xg,{'value': 'UCuRGVE3grZOTc6GUo2Gf7Xg'},True,none,0,2023-02-01T14:47:38Z,2023-02-01T14:47:38Z,
UCmb0LnmFYceH7toqgmUTJDA,,Enhorabuena,Enhorabuena,@raulgamen7951,https://yt3.ggpht.com/ytc/AIf8zZRgMBpwLiYetpjP3EkUBUkJwdhvz4DEP6h6_VL4VQ=s48-c-k-c0x00ffffff-no-rj,http://www.youtube.com/@raulgamen7951,{'value': 'UCz5qn99vjODQzYLJ9ZEUajg'},True,none,0,2023-02-01T16:17:08Z,2023-02-01T16:17:08Z,Ugwih5WNsTFgI5Ydgyx4AaABAg
UCmb0LnmFYceH7toqgmUTJDA,,Y lo desgast√≥ en escribir eso...,Y lo desgast√≥ en escribir eso...,@seinundmosh,https://yt3.ggpht.com/ytc/AIf8zZQW_WL6_GBLYJq2a-eNt6dVBePLTuDGMO9gXg=s48-c-k-c0x00ffffff-no-rj,http://www.youtube.com/@seinundmosh,{'value': 'UCHsQLT6-7FZvGbyMKQx859g'},True,none,0,2023-02-01T17:48:11Z,2023-02-01T17:48:11Z,Ugwih5WNsTFgI5Ydgyx4AaABAg
UCmb0LnmFYceH7toqgmUTJDA,nte0e0p4gwk,Fui el primero xD,Fui el primero xD,@spicyvax5840,https://yt3.ggpht.com/UD5wuVv6NOS-s4pWJfOWY8pvDyCDLQvymKH_C15rYYYXPZmHQQ0k6jZ7S6xvvNEr8IT68o0F=s48-c-k-c0x00ffffff-no-rj,http://www.youtube.com/channel/UCEFhnH_5vGExcyTaG-39F9w,{'value': 'UCEFhnH_5vGExcyTaG-39F9w'},True,none,0,2023-02-01T14:47:38Z,2023-02-01T14:47:38Z,
UCmb0LnmFYceH7toqgmUTJDA,nte0e0p4gwk,Primero xd,Primero xd,@Blitzo522,https://yt3.ggpht.com/9D03N5jdKKnlzC4EopmKOT6rwh6x9CLulwPj-lmGxQbskNc1wbu0MJ5SAMvkd4YEqmiEHt6HXFE=s48-c-k-c0x00ffffff-no-rj,http://www.youtube.com/channel/UCD8xdItOFbIOtHYSD6fLnJA,{'value': 'UCD8xdItOFbIOtHYSD6fLnJA'},True,none,1,2023-02-01T14:47:15Z,2023-02-01T14:47:15Z,
UCmb0LnmFYceH7toqgmUTJDA,nte0e0p4gwk,Hola,Hola,@spicyvax5840,https://yt3.ggpht.com/UD5wuVv6NOS-s4pWJfOWY8pvDyCDLQvymKH_C15rYYYXPZmHQQ0k6jZ7S6xvvNEr8IT68o0F=s48-c-k-c0x00ffffff-no-rj,http://www.youtube.com/channel/UCEFhnH_5vGExcyTaG-39F9w,{'value': 'UCEFhnH_5vGExcyTaG-39F9w'},True,none,0,2023-02-01T14:47:10Z,2023-02-01T14:47:10Z,
