channelId,videoId,textDisplay,textOriginal,authorDisplayName,authorProfileImageUrl,authorChannelUrl,authorChannelId,canRate,viewerRating,likeCount,publishedAt,updatedAt,parentId,textDisplay_processed,sentiment_polarity
UC05m1jT_pGm-DJKlpXsBYkA,sfGLzac6QIs,la serie de amazon no esta tan mal. pero este juego basura......,la serie de amazon no esta tan mal. pero este juego basura......,@Roberto-yi3br,https://yt3.ggpht.com/x0cTbtWeL7cMZtKqVudFZB7BJjXr2ih0p-wIBEm9A1XbOPH2-f18VpsTqCdPijZbCgRhSqA9bw=s48-c-k-c0x00ffffff-no-rj,http://www.youtube.com/channel/UCpfLTKA6LEj-3Riic57sQCg,{'value': 'UCpfLTKA6LEj-3Riic57sQCg'},True,none,0,2023-11-04T12:04:23Z,2023-11-04T12:04:23Z,,serie amazon tan mal juego basura,0.1779
UC05m1jT_pGm-DJKlpXsBYkA,sfGLzac6QIs,Porque ese titulo? Estuvo genial la serie. Muchos se hacen los seguidores y no entienden nada,Porque ese titulo? Estuvo genial la serie. Muchos se hacen los seguidores y no entienden nada,@FacuGamer98,https://yt3.ggpht.com/ytc/AIf8zZQvPcm69fiDxP1Tq_f094RNgtiYsI-a7ZhZjbFYqA=s48-c-k-c0x00ffffff-no-rj,http://www.youtube.com/channel/UCWnQOeZ9HBtYJ1pTj5qLGYg,{'value': 'UCWnQOeZ9HBtYJ1pTj5qLGYg'},True,none,0,2023-08-13T16:04:31Z,2023-08-13T16:04:31Z,,titulo genial serie hacen seguidores entienden,0.4215
UC05m1jT_pGm-DJKlpXsBYkA,sfGLzac6QIs,"No soy fan ni me vi la pelicula ni nada, pero el personaje me parece horripilante.<br> Siempre pienso que el personaje jugable y principal debe ser atractivo o atrayente por que lo llevar√°s durante toda la historia, pero que desagradable llevar esa cosa durante horas jajaj ay pobre","No soy fan ni me vi la pelicula ni nada, pero el personaje me parece horripilante.
 Siempre pienso que el personaje jugable y principal debe ser atractivo o atrayente por que lo llevar√°s durante toda la historia, pero que desagradable llevar esa cosa durante horas jajaj ay pobre",@ezequielfulanito,https://yt3.ggpht.com/ytc/AIf8zZQX41SgX8HVU-RpoIGwpPz84phZ6qOQH7JtTX0k=s48-c-k-c0x00ffffff-no-rj,http://www.youtube.com/channel/UCtfcFTO9KHhKnVAADQjocew,{'value': 'UCtfcFTO9KHhKnVAADQjocew'},True,none,0,2023-07-01T00:38:23Z,2023-07-01T00:38:23Z,,fan vi pelicula personaje parece horripilantebr siempre pienso personaje jugable principal debe ser atractivo atrayente llevar√°s toda historia desagradable llevar cosa horas jajaj ay pobre,0.3182
UC05m1jT_pGm-DJKlpXsBYkA,sfGLzac6QIs,"loco dejen de criticar la serie de amazon, si no le gusta no la miren.. ka van a cancelar por culpa de los tontito que critican todo.","loco dejen de criticar la serie de amazon, si no le gusta no la miren.. ka van a cancelar por culpa de los tontito que critican todo.",@pablomiranda8367,https://yt3.ggpht.com/ytc/AIf8zZTP0kI-NCuSvv_uvClEsmhbLU4EImYW1YIZWK9U8Q=s48-c-k-c0x00ffffff-no-rj,http://www.youtube.com/channel/UC2HSf3ovi-fMRxUDyhvxCug,{'value': 'UC2HSf3ovi-fMRxUDyhvxCug'},True,none,0,2023-06-12T12:34:22Z,2023-06-12T12:34:22Z,,loco dejen criticar serie amazon si gusta miren ka van cancelar culpa tontito critican,0.1779
UC05m1jT_pGm-DJKlpXsBYkA,sfGLzac6QIs,"Qu√© esagerado, lo peor que le ha pasado y le pasar√° jam√°s a la obra de Tolkien es la serie de Amazon prime.","Qu√© esagerado, lo peor que le ha pasado y le pasar√° jam√°s a la obra de Tolkien es la serie de Amazon prime.",@gerardsaumell5311,https://yt3.ggpht.com/ytc/AIf8zZQts2FXvApWE-DVTs8HQ70ZyEWI_Ni9Meoz7vM66A=s48-c-k-c0x00ffffff-no-rj,http://www.youtube.com/channel/UClbopqJUVTRj2gfBWE97QBg,{'value': 'UClbopqJUVTRj2gfBWE97QBg'},True,none,2,2023-06-06T12:46:14Z,2023-06-06T12:46:14Z,,esagerado peor pasado pasar√° jam√°s obra tolkien serie amazon prime,0.1779
UC05m1jT_pGm-DJKlpXsBYkA,sfGLzac6QIs,"Menudo desprop√≥sito, si ya la serie de Amazon ha sido una bazofia esto ya es la guinda del pastel.","Menudo desprop√≥sito, si ya la serie de Amazon ha sido una bazofia esto ya es la guinda del pastel.",@Jpppppppppppp633,https://yt3.ggpht.com/ytc/AIf8zZTW8fvYsT6XPL8rKTexeSAXsGO-sXoBffgN8uG4Ng=s48-c-k-c0x00ffffff-no-rj,http://www.youtube.com/channel/UC8g1fwyM7EXQRWwoaSYySFA,{'value': 'UC8g1fwyM7EXQRWwoaSYySFA'},True,none,1,2023-06-03T20:26:53Z,2023-06-03T20:26:53Z,,menudo desprop√≥sito si serie amazon sido bazofia guinda pastel,0.1779
UC05m1jT_pGm-DJKlpXsBYkA,sfGLzac6QIs,Su videojuego gana el puesto infame por goleada XP,Su videojuego gana el puesto infame por goleada XP,@jorgebellidolavado6382,https://yt3.ggpht.com/ytc/AIf8zZTOsRa7bLb45Zb4Zlq3xIgzxsKhkt-UIpmY7A=s48-c-k-c0x00ffffff-no-rj,http://www.youtube.com/channel/UCw5C_PKjNh1GN3WYZuxPuSQ,{'value': 'UCw5C_PKjNh1GN3WYZuxPuSQ'},True,none,0,2023-06-03T16:22:33Z,2023-06-03T16:22:59Z,,videojuego gana puesto infame goleada xp,0.3818
UC05m1jT_pGm-DJKlpXsBYkA,sfGLzac6QIs,El chistoso que se queje de que no hay nada nuevo pero a la vez se queja de las cosas nuevas xd,El chistoso que se queje de que no hay nada nuevo pero a la vez se queja de las cosas nuevas xd,@loqred5026,https://yt3.ggpht.com/ytc/AIf8zZSMOayJTpSV74OUX3w1i1YUX7m6uBG5H4dx28DYVA=s48-c-k-c0x00ffffff-no-rj,http://www.youtube.com/channel/UCmhSKLyiA0o4bJSHZWBveTw,{'value': 'UCmhSKLyiA0o4bJSHZWBveTw'},True,none,1,2023-06-03T12:18:37Z,2023-06-03T12:18:37Z,,chistoso queje nuevo vez queja cosas nuevas xd,0.5859
UC05m1jT_pGm-DJKlpXsBYkA,sfGLzac6QIs,Este juego es malo  pero la serie del se√±or de los anillos de amazon es basura infumable el titulo esta mal no existe en el lore del se√±or de los anillos nada peor que la basura de amazon y si existiera algo peor seria la segunda temporada,Este juego es malo  pero la serie del se√±or de los anillos de amazon es basura infumable el titulo esta mal no existe en el lore del se√±or de los anillos nada peor que la basura de amazon y si existiera algo peor seria la segunda temporada,@luisfortran5785,https://yt3.ggpht.com/EQzl9pbrL2L7OechEdpjkPHUikD6RX5qBTylPWwTuWf5oAgXpVxqNFr9qpfU5BBoJo4dD1uTIg=s48-c-k-c0x00ffffff-no-rj,http://www.youtube.com/channel/UCR2LZyiKsMIpnJgjkHT20Xw,{'value': 'UCR2LZyiKsMIpnJgjkHT20Xw'},True,none,0,2023-06-02T22:32:28Z,2023-06-02T22:32:28Z,,juego malo serie se√±or anillos amazon basura infumable titulo mal existe lore se√±or anillos peor basura amazon si existiera peor seria segunda temporada,0.34
UC05m1jT_pGm-DJKlpXsBYkA,sfGLzac6QIs,C√≥mo se llama la canci√≥n de fondo por favor,C√≥mo se llama la canci√≥n de fondo por favor,@luisshimabuku1236,https://yt3.ggpht.com/ytc/AIf8zZRV5ZLOoDrsSJxtIW5aiOGebE7cLY9dl49BQyHU=s48-c-k-c0x00ffffff-no-rj,http://www.youtube.com/channel/UCby0mEcZdP5vPjNnDcAMUBw,{'value': 'UCby0mEcZdP5vPjNnDcAMUBw'},True,none,0,2023-06-02T06:33:39Z,2023-06-02T06:33:39Z,,c√≥mo llama canci√≥n fondo favor,0.4019
UC05m1jT_pGm-DJKlpXsBYkA,sfGLzac6QIs,el que modelo a gollum no se vio ninguna pelicula xd,el que modelo a gollum no se vio ninguna pelicula xd,@Hechizero459,https://yt3.ggpht.com/ytc/AIf8zZTyHdxHZzLRjNxd5qyFEzKvwtwrOoxj7u0v0vB8aQ=s48-c-k-c0x00ffffff-no-rj,http://www.youtube.com/channel/UCDYsiH0EQG0MDegPU3_fupw,{'value': 'UCDYsiH0EQG0MDegPU3_fupw'},True,none,0,2023-06-01T22:06:32Z,2023-06-01T22:06:32Z,,modelo gollum vio ninguna pelicula xd,0.5859
UC05m1jT_pGm-DJKlpXsBYkA,sfGLzac6QIs,"La primera pel√≠cula ya tiene m√°s de 20 a√±os, cuesta creer que no hayan podido simplemente copiar el dise√±o de ese Gollum y ya, es como dicen: si algo funciona bien, por qu√© cambiarlo? Al final este dise√±o no termina de ser realista, ni tampoco de ser caricaturesco, en su lugar termina siendo desagradable a la vista. Me cuesta aceptar que incluso la versi√≥n de PS2 se vea mejor que este Smeagol. Ahora, hablando estrictamente de lo jugable, creo que era perfecto que sea un juego de sigilo, plataformeo y decisiones, pero se nota que est√° mal llevado, podr√≠an haberlo orientado un poco m√°s a un sigilo de suspenso quiz√°s, algo as√≠ como A Plague Tale, no s√© como explicarlo, en fin, otra decepci√≥n a esta saga, lamentablemente los fans de Tolkien parece que nunca tendremos un juego sin pol√©mica ni a la altura de lo esperado en estas nuevas generaciones, los juegos de La Tierra Media nunca me terminaron de convencer","La primera pel√≠cula ya tiene m√°s de 20 a√±os, cuesta creer que no hayan podido simplemente copiar el dise√±o de ese Gollum y ya, es como dicen: si algo funciona bien, por qu√© cambiarlo? Al final este dise√±o no termina de ser realista, ni tampoco de ser caricaturesco, en su lugar termina siendo desagradable a la vista. Me cuesta aceptar que incluso la versi√≥n de PS2 se vea mejor que este Smeagol. Ahora, hablando estrictamente de lo jugable, creo que era perfecto que sea un juego de sigilo, plataformeo y decisiones, pero se nota que est√° mal llevado, podr√≠an haberlo orientado un poco m√°s a un sigilo de suspenso quiz√°s, algo as√≠ como A Plague Tale, no s√© como explicarlo, en fin, otra decepci√≥n a esta saga, lamentablemente los fans de Tolkien parece que nunca tendremos un juego sin pol√©mica ni a la altura de lo esperado en estas nuevas generaciones, los juegos de La Tierra Media nunca me terminaron de convencer",@javierg.5418,https://yt3.ggpht.com/ytc/AIf8zZRfWYO_pCLVUNP_MxMN8pPn7MGLyvKfTiq7Ig3nhA=s48-c-k-c0x00ffffff-no-rj,http://www.youtube.com/channel/UC6qancBt8v9Kx4L08QgEk3w,{'value': 'UC6qancBt8v9Kx4L08QgEk3w'},True,none,0,2023-06-01T06:45:50Z,2023-06-01T06:45:50Z,,primera pel√≠cula 20 a√±os cuesta creer podido simplemente copiar dise√±o gollum dicen si funciona bien cambiarlo final dise√±o termina ser realista tampoco ser caricaturesco lugar termina siendo desagradable vista cuesta aceptar incluso versi√≥n ps2 vea mejor smeagol ahora hablando estrictamente jugable creo perfecto juego sigilo plataformeo decisiones nota mal llevado podr√≠an haberlo orientado sigilo suspenso quiz√°s as√≠ plague tale s√© explicarlo fin decepci√≥n saga lamentablemente fans tolkien parece nunca juego pol√©mica altura esperado nuevas generaciones juegos tierra media nunca terminaron convencer,0.3182
UC05m1jT_pGm-DJKlpXsBYkA,sfGLzac6QIs,Con esa peluca que tiene..ya se te quitan las ganas de jugarlo XD,Con esa peluca que tiene..ya se te quitan las ganas de jugarlo XD,@Rarly_,https://yt3.ggpht.com/P1Qzlo2gJQQDcGENNJ6XVHDTkbpAo1Ma7yIdNWrPg_TeV9_GtwKGnf7N46AwyHX_ldrmKQ7oBQ=s48-c-k-c0x00ffffff-no-rj,http://www.youtube.com/channel/UCJCADDFB-_BHgZnSxc39Gqg,{'value': 'UCJCADDFB-_BHgZnSxc39Gqg'},True,none,0,2023-06-01T05:31:14Z,2023-06-01T05:31:14Z,,peluca tieneya quitan ganas jugarlo xd,0.5859
UC05m1jT_pGm-DJKlpXsBYkA,sfGLzac6QIs,Parece un juego de los primeros de la play 3,Parece un juego de los primeros de la play 3,@jonmoreno93,https://yt3.ggpht.com/A5EaluAAstcw_-GAk99Z44KmeGcKbTSdK9SLVzRR5dNmsc0bWclydZwJuUmuH7oakB-r1gxb=s48-c-k-c0x00ffffff-no-rj,http://www.youtube.com/channel/UCvQRrup6uOZMVNApNC4NDfQ,{'value': 'UCvQRrup6uOZMVNApNC4NDfQ'},True,none,0,2023-05-31T20:46:58Z,2023-05-31T20:46:58Z,,parece juego primeros play 3,0.34
UC05m1jT_pGm-DJKlpXsBYkA,sfGLzac6QIs,"Vaya cosa ya somos dos yo no lo jugare me parece un juego de ps3 el dise√±o de Gollum es malisimo yo soy fan de Esdla pero las cosas claras el mejor juego siempre ser√° el retorno del rey de ps2 ese si es un juego perfecto una campa√±a brutal y unos gr√°ficos iguales que la pel√≠cula pero esto es üí© o mejor dicho gran üí© espichada en un palo el gollum de el retorno del rey de ps2 le da 1 mill√≥n de vueltas a este la industria de los videojuegos como de la m√∫sica y sobre todo el cine cada ves peor creo que este a√±o lo √∫nico bueno de esperanza que ha pasado m√°s o menos es Resident evil 4 remake aunque el original es superior,Jhon Wick 4 peliculazo y The equalizer 3 lo √∫nico que espero este a√±o es el videojuego secreto de team ninja cu√°l ser√° un nuevo ninja gaiden espero que team ninja no la cague porque el √∫nico que esta en su estado perfecto es Capcom as√≠ que vamos haber like asegurado caballero me imagino a los actores de la trilog√≠a original viendo este juego las risas estar√°n aseguradas.....üòÇüòÇüòÇ","Vaya cosa ya somos dos yo no lo jugare me parece un juego de ps3 el dise√±o de Gollum es malisimo yo soy fan de Esdla pero las cosas claras el mejor juego siempre ser√° el retorno del rey de ps2 ese si es un juego perfecto una campa√±a brutal y unos gr√°ficos iguales que la pel√≠cula pero esto es üí© o mejor dicho gran üí© espichada en un palo el gollum de el retorno del rey de ps2 le da 1 mill√≥n de vueltas a este la industria de los videojuegos como de la m√∫sica y sobre todo el cine cada ves peor creo que este a√±o lo √∫nico bueno de esperanza que ha pasado m√°s o menos es Resident evil 4 remake aunque el original es superior,Jhon Wick 4 peliculazo y The equalizer 3 lo √∫nico que espero este a√±o es el videojuego secreto de team ninja cu√°l ser√° un nuevo ninja gaiden espero que team ninja no la cague porque el √∫nico que esta en su estado perfecto es Capcom as√≠ que vamos haber like asegurado caballero me imagino a los actores de la trilog√≠a original viendo este juego las risas estar√°n aseguradas.....üòÇüòÇüòÇ",@pauldavidwilsonjackson.sup8726,https://yt3.ggpht.com/o-eXbJ_rc0tInP6OUcgE4kD29tup3q22EiNwgkmNjBXz_moothP4I1WtfpSauAQhYhVcPSPx-A=s48-c-k-c0x00ffffff-no-rj,http://www.youtube.com/channel/UCI1tk9mse-jdBIzXT87Mqkg,{'value': 'UCI1tk9mse-jdBIzXT87Mqkg'},True,none,1,2023-05-31T16:54:46Z,2023-05-31T16:54:46Z,,vaya cosa dos jugare parece juego ps3 dise√±o gollum malisimo fan esdla cosas claras mejor juego siempre retorno rey ps2 si juego perfecto campa√±a brutal gr√°ficos iguales pel√≠cula mejor dicho gran espichada palo gollum retorno rey ps2 da 1 mill√≥n vueltas industria videojuegos m√∫sica cine cada ves peor creo a√±o √∫nico bueno esperanza pasado menos resident evil 4 remake aunque original superiorjhon wick 4 peliculazo the equalizer 3 √∫nico espero a√±o videojuego secreto team ninja cu√°l nuevo ninja gaiden espero team ninja cague √∫nico perfecto capcom as√≠ vamos haber like asegurado caballero imagino actores trilog√≠a original viendo juego risas aseguradas,0.3612
UC05m1jT_pGm-DJKlpXsBYkA,sfGLzac6QIs,"La SERIE DE AMAZON no era LO PEOR youtubers siempre diciendo mierda como si fueran los due√±os de la verdad, utilizar letras maiusculas te deja como un estupido que necesita gritar para exponer su punto de vista.","La SERIE DE AMAZON no era LO PEOR youtubers siempre diciendo mierda como si fueran los due√±os de la verdad, utilizar letras maiusculas te deja como un estupido que necesita gritar para exponer su punto de vista.",@romulobernardes5788,https://yt3.ggpht.com/ytc/AIf8zZQp3_kon8j0aJhcZKogL6-3Rx3qB4QmyFPhuYK1dgfC3KPKVhbWuKjAxD60JYG5=s48-c-k-c0x00ffffff-no-rj,http://www.youtube.com/channel/UCYzmnv2TXuS31KV_dTjcY0g,{'value': 'UCYzmnv2TXuS31KV_dTjcY0g'},True,none,0,2023-05-31T14:37:34Z,2023-05-31T14:37:34Z,,serie amazon peor youtubers siempre diciendo mierda si due√±os verdad utilizar letras maiusculas deja estupido necesita gritar exponer punto vista,0.1779
UC05m1jT_pGm-DJKlpXsBYkA,sfGLzac6QIs,Fans: Queremos un remake del juegazo del Retorno del Rey.<br>Daedalic Entertainment : Gollum.,"Fans: Queremos un remake del juegazo del Retorno del Rey.
Daedalic Entertainment : Gollum.",@PabloGarcia-vx6xt,https://yt3.ggpht.com/ytc/AIf8zZS2yahOkG3AVM0FGzyWxZIRKeCR2_utVTHJLHEF5g=s48-c-k-c0x00ffffff-no-rj,http://www.youtube.com/channel/UCI0mM0v1SlNeieL-354-J3Q,{'value': 'UCI0mM0v1SlNeieL-354-J3Q'},True,none,0,2023-05-31T10:10:31Z,2023-05-31T10:10:31Z,,fans queremos remake juegazo retorno reybrdaedalic entertainment gollum,0.4215
UC05m1jT_pGm-DJKlpXsBYkA,sfGLzac6QIs,"Seria interesante un juego de roll de un personaje que se convierta en soldado y que participe en misiones a lo largo de la historia del se√±or de los anillos, es mas podrian hacerlo de mundo semi abierto o de exploracion de mazmorras. No se algo que te invite a una aventura....en una tierra magica como es la tierra media.","Seria interesante un juego de roll de un personaje que se convierta en soldado y que participe en misiones a lo largo de la historia del se√±or de los anillos, es mas podrian hacerlo de mundo semi abierto o de exploracion de mazmorras. No se algo que te invite a una aventura....en una tierra magica como es la tierra media.",@Markus-pu9gg,https://yt3.ggpht.com/ytc/AIf8zZRybQBjYlNE9Yi5CotcG2jHSHVjMCD1REhqDX4rmw=s48-c-k-c0x00ffffff-no-rj,http://www.youtube.com/channel/UCP1DnJhXEnKrHPWb0sRdo9g,{'value': 'UCP1DnJhXEnKrHPWb0sRdo9g'},True,none,7,2023-05-31T00:23:24Z,2023-05-31T00:23:24Z,,seria interesante juego roll personaje convierta soldado participe misiones largo historia se√±or anillos mas podrian hacerlo mundo semi abierto exploracion mazmorras invite aventuraen tierra magica tierra media,0.1531
UC05m1jT_pGm-DJKlpXsBYkA,sfGLzac6QIs,Pues a mi parece que est√° genial,Pues a mi parece que est√° genial,@CodigoAmigo,https://yt3.ggpht.com/ytc/AIf8zZQMACK7PU3wW7xblKWtF4kFcVF6RSvFEd5cbQ=s48-c-k-c0x00ffffff-no-rj,http://www.youtube.com/channel/UCYQGlLLUvd1VNP8HIdbSlXQ,{'value': 'UCYQGlLLUvd1VNP8HIdbSlXQ'},True,none,0,2023-05-30T22:09:29Z,2023-05-30T22:09:29Z,,pues parece genial,0.4215
UC05m1jT_pGm-DJKlpXsBYkA,sfGLzac6QIs,Cre√≠an que se iba poner un escudo y una espada si lo √∫nico que hace en la pel√≠cula es esconderse o pasar desapercibido xD,Cre√≠an que se iba poner un escudo y una espada si lo √∫nico que hace en la pel√≠cula es esconderse o pasar desapercibido xD,@ACRALIGHT,https://yt3.ggpht.com/7aPl9y4pVEQW4MSRgAO6Myqq2PHE28Eg7RdrabTWxmN4kGgu1pdtnvcnyw3NSDfvMuWcdkPU=s48-c-k-c0x00ffffff-no-rj,http://www.youtube.com/channel/UCNYOK7UQUeZ47w9efcmtUHg,{'value': 'UCNYOK7UQUeZ47w9efcmtUHg'},True,none,5,2023-05-29T05:29:24Z,2023-05-29T05:29:24Z,,cre√≠an iba poner escudo espada si √∫nico hace pel√≠cula esconderse pasar desapercibido xd,0.5859
UC05m1jT_pGm-DJKlpXsBYkA,sfGLzac6QIs,"ya te hago y√≥ el an√°lisis en un momentillo...<br>juego de los primeros a√±os de playstation 3, f√≠sicas como las de mi padre cuando se va con los amigos y vuelve a casa, √°ngulos de c√°maras dignas de l cine Almod√≥var, paredes transparentes y npcs de cart√≥n/piedra.","ya te hago y√≥ el an√°lisis en un momentillo...
juego de los primeros a√±os de playstation 3, f√≠sicas como las de mi padre cuando se va con los amigos y vuelve a casa, √°ngulos de c√°maras dignas de l cine Almod√≥var, paredes transparentes y npcs de cart√≥n/piedra.",@abazolo8011,https://yt3.ggpht.com/ytc/AIf8zZR22MMZ_TiX8eWyB37yPuaEdaZKdTqnWq2TKV6M=s48-c-k-c0x00ffffff-no-rj,http://www.youtube.com/channel/UC63Wm-9ws4BFlFUqdzlc0Sw,{'value': 'UC63Wm-9ws4BFlFUqdzlc0Sw'},True,none,0,2023-05-28T21:08:55Z,2023-05-28T21:08:55Z,,hago y√≥ an√°lisis momentillobrjuego primeros a√±os playstation 3 f√≠sicas padre va amigos vuelve casa √°ngulos c√°maras dignas l cine almod√≥var paredes transparentes npcs cart√≥npiedra,0.296
UC05m1jT_pGm-DJKlpXsBYkA,sfGLzac6QIs,Se ve bueno. Si eres fan de el se√±or de los anillos se recomienda.,Se ve bueno. Si eres fan de el se√±or de los anillos se recomienda.,@Dannyyugigx,https://yt3.ggpht.com/ytc/AIf8zZRLW8BiVgtqQmNoX5iDBtnN-LUx0UU0iwkKoVWg50M=s48-c-k-c0x00ffffff-no-rj,http://www.youtube.com/channel/UCJvxrojI4sG_nFbRfKyJqvw,{'value': 'UCJvxrojI4sG_nFbRfKyJqvw'},True,none,1,2023-05-28T07:44:56Z,2023-05-28T07:46:36Z,,ve bueno si fan se√±or anillos recomienda,0.3182
UC05m1jT_pGm-DJKlpXsBYkA,sfGLzac6QIs,Porque jugaron la versi√≥n de play 2? No sali√≥ para consolas de √∫ltima generaci√≥n?,Porque jugaron la versi√≥n de play 2? No sali√≥ para consolas de √∫ltima generaci√≥n?,@crossmordekai2576,https://yt3.ggpht.com/ytc/AIf8zZQrXrZU2iXBQgNw2za1INUlOkp0YposZZ8cySNp=s48-c-k-c0x00ffffff-no-rj,http://www.youtube.com/channel/UCQUlB6elc9SYXmuUB6RO2-g,{'value': 'UCQUlB6elc9SYXmuUB6RO2-g'},True,none,0,2023-05-27T22:45:54Z,2023-05-27T22:45:54Z,,jugaron versi√≥n play 2 sali√≥ consolas √∫ltima generaci√≥n,0.34
UC05m1jT_pGm-DJKlpXsBYkA,sfGLzac6QIs,¬°Hey! ¬ø¬°Por qu√© hasta ahorita sacan rese√±a de un juego de la play 2?! :v,¬°Hey! ¬ø¬°Por qu√© hasta ahorita sacan rese√±a de un juego de la play 2?! :v,@markodst,https://yt3.ggpht.com/ytc/AIf8zZRiiSHxCaH5PmwAktjs7y_B3L_mK99juQPZKBq8=s48-c-k-c0x00ffffff-no-rj,http://www.youtube.com/channel/UCYTZ0iZNEvbTHuZn3Tj2pRQ,{'value': 'UCYTZ0iZNEvbTHuZn3Tj2pRQ'},True,none,0,2023-05-27T09:38:22Z,2023-05-27T09:38:22Z,,hey ahorita sacan rese√±a juego play 2 v,0.34
UC05m1jT_pGm-DJKlpXsBYkA,,"Bueno, tienes el LOTR online, est√° en ingl√©s, es viejo, tiene unas mec√°nicas muy cl√°sicas de RPG, pero si lo juegas con un grupito de amigos puede ser divertido. Iban a hacer una versi√≥n moderna de este juego con la serie de Amazon, pero finalmente decidieron no hacerlo... en vista de los bodrios que nos han tocado √∫ltimamente quiz√° fuese mejor quedarse con el viejo LOTRO<br><br>Siempre me quedar√° mi querid√≠simo Se√±or de los Anillos La Batalla por la Tierra Media II el Resurgir del Rey Brujo &lt;3","Bueno, tienes el LOTR online, est√° en ingl√©s, es viejo, tiene unas mec√°nicas muy cl√°sicas de RPG, pero si lo juegas con un grupito de amigos puede ser divertido. Iban a hacer una versi√≥n moderna de este juego con la serie de Amazon, pero finalmente decidieron no hacerlo... en vista de los bodrios que nos han tocado √∫ltimamente quiz√° fuese mejor quedarse con el viejo LOTRO

Siempre me quedar√° mi querid√≠simo Se√±or de los Anillos La Batalla por la Tierra Media II el Resurgir del Rey Brujo <3",@hinenik,https://yt3.ggpht.com/ytc/AIf8zZQzsInjo57GtddfnA4sfnO70TU3UdCqxcX0AA=s48-c-k-c0x00ffffff-no-rj,http://www.youtube.com/@hinenik,{'value': 'UC1iodKLhym1aiUsx6gsfoQA'},True,none,3,2023-05-29T22:05:45Z,2023-05-29T22:05:45Z,UgyeaImvYeucohqOTKN4AaABAg,bueno lotr online ingl√©s viejo unas mec√°nicas cl√°sicas rpg si juegas grupito amigos puede ser divertido iban hacer versi√≥n moderna juego serie amazon finalmente decidieron hacerlo vista bodrios tocado √∫ltimamente quiz√° mejor quedarse viejo lotrobrbrsiempre quedar√° querid√≠simo se√±or anillos batalla tierra media ii resurgir rey brujo lt3,0.1779
UC05m1jT_pGm-DJKlpXsBYkA,sfGLzac6QIs,Le hubiera quedado el estilo plataformas en 2.5D perfecto si quer√≠an contar una historia independiente..    para que quebrarse tanto,Le hubiera quedado el estilo plataformas en 2.5D perfecto si quer√≠an contar una historia independiente..    para que quebrarse tanto,@mattiamorelos7107,https://yt3.ggpht.com/ytc/AIf8zZSLsJGz3k7GLXcKwYPNDt_bn4qgip1ZeTI3PELB=s48-c-k-c0x00ffffff-no-rj,http://www.youtube.com/channel/UCHqZTe_ofsNPvukm7pppqkQ,{'value': 'UCHqZTe_ofsNPvukm7pppqkQ'},True,none,4,2023-05-27T04:44:59Z,2023-05-27T04:44:59Z,,quedado estilo plataformas 25d perfecto si quer√≠an contar historia independiente quebrarse,0.3182
UC05m1jT_pGm-DJKlpXsBYkA,sfGLzac6QIs,La serie de Amazon es y sera siempre la peor basura de la historia sobre lord of the ring,La serie de Amazon es y sera siempre la peor basura de la historia sobre lord of the ring,@Ryujin1805,https://yt3.ggpht.com/xUu_emGl6UWPmijxSs8GSSEuuBCctgLpSfalVmhvp5aGwPf-SaBdSK-OZm6nYWNjTL9RPkVh=s48-c-k-c0x00ffffff-no-rj,http://www.youtube.com/channel/UC4lO3U_K2KxEyxGWo9IPRAQ,{'value': 'UC4lO3U_K2KxEyxGWo9IPRAQ'},True,none,0,2023-05-26T13:05:31Z,2023-05-26T13:05:31Z,,serie amazon sera siempre peor basura historia lord of the ring,0.1779
UC05m1jT_pGm-DJKlpXsBYkA,sfGLzac6QIs,pos bien que defendias el port a pc del the last of us 3d juegos joder vaya huevos que teneis si os dieran dinerico los de esta empresa ya estabais en plan es una carta de amor de tolkien para los fans hahahaha,pos bien que defendias el port a pc del the last of us 3d juegos joder vaya huevos que teneis si os dieran dinerico los de esta empresa ya estabais en plan es una carta de amor de tolkien para los fans hahahaha,@saimonwhite9885,https://yt3.ggpht.com/UbmDAdeiA-rcKFu0vBxiOIkG4CyplRKYE0_UsCo04caJ0vEAQbPWaZ68y28ToKEc7IZ0dwpG=s48-c-k-c0x00ffffff-no-rj,http://www.youtube.com/channel/UCUpG1cE6MLLfrS6qfjMyJIA,{'value': 'UCUpG1cE6MLLfrS6qfjMyJIA'},True,none,0,2023-05-26T10:36:51Z,2023-05-26T10:36:51Z,,pos bien defendias port pc the last of us 3d juegos joder vaya huevos teneis si dieran dinerico empresa plan carta amor tolkien fans hahahaha,0.6124
UC05m1jT_pGm-DJKlpXsBYkA,sfGLzac6QIs,"La verdad YO CREI que se iba a tratar de Gollum escapando con sigilo a lo Hitman de un castillo o algo asi y ahi hubiera ido bien lo de la elfa ciega como otra prisionera y darle sentido a la forma de escape planeando como hacer tal objetivo (como robar una llave para abrir una puerta sib alertar a los guardias).<br>Que sea un juego de Gollum siendo un ninja fue una PESIMA idea honestamente. Saben que es lo mas curioso ? que la empresa que hizo Gollum es una que publica juegos de otras desarrolladoras y varios son juegos de Sigilo. Osea tenian contactos para poder hacer un gran juego de sigilo del se√±or de los anillos. Pero por lo veo que con todo eso del karma, decisiones , etc es un juego pensado como si fuera 2007. Como dice el video, si tenemos que elegir entre joder a un orco que nos molesto y traiconar a un amigo es OBVIO que van a elegir todos, lo que hace estupido ese sistema xD","La verdad YO CREI que se iba a tratar de Gollum escapando con sigilo a lo Hitman de un castillo o algo asi y ahi hubiera ido bien lo de la elfa ciega como otra prisionera y darle sentido a la forma de escape planeando como hacer tal objetivo (como robar una llave para abrir una puerta sib alertar a los guardias).
Que sea un juego de Gollum siendo un ninja fue una PESIMA idea honestamente. Saben que es lo mas curioso ? que la empresa que hizo Gollum es una que publica juegos de otras desarrolladoras y varios son juegos de Sigilo. Osea tenian contactos para poder hacer un gran juego de sigilo del se√±or de los anillos. Pero por lo veo que con todo eso del karma, decisiones , etc es un juego pensado como si fuera 2007. Como dice el video, si tenemos que elegir entre joder a un orco que nos molesto y traiconar a un amigo es OBVIO que van a elegir todos, lo que hace estupido ese sistema xD",@Enemigodelan695,https://yt3.ggpht.com/NysugCJqvm7pY1ltr61qoYAt1HlaVECbO2IIJtWBhYEOd1OQZ5dUkSUE8SBWNgvCKoS83NYY9w=s48-c-k-c0x00ffffff-no-rj,http://www.youtube.com/channel/UC0Mv86uTGgIJTqPlPA4xATg,{'value': 'UC0Mv86uTGgIJTqPlPA4xATg'},True,none,3,2023-05-26T04:09:07Z,2023-05-26T04:09:07Z,,verdad crei iba tratar gollum escapando sigilo hitman castillo asi ahi ido bien elfa ciega prisionera darle forma escape planeando hacer tal objetivo robar llave abrir puerta sib alertar guardiasbrque juego gollum siendo ninja pesima idea honestamente saben mas curioso empresa hizo gollum publica juegos desarrolladoras varios juegos sigilo osea tenian contactos poder hacer gran juego sigilo se√±or anillos veo karma decisiones etc juego pensado si 2007 dice video si elegir joder orco molesto traiconar amigo obvio van elegir hace estupido sistema xd,0.6705
UC05m1jT_pGm-DJKlpXsBYkA,sfGLzac6QIs,Cuando este gratis pensar√© sin jugarlo o no jajaja,Cuando este gratis pensar√© sin jugarlo o no jajaja,@angeloskyz,https://yt3.ggpht.com/A4htcwxglhN9vW-lfoSW16-S9xRXIQ9wEbKn6i60VTjEPkPZ75RVMgZiCaqo1cwVcCrogNSBkQ=s48-c-k-c0x00ffffff-no-rj,http://www.youtube.com/channel/UCBDGWx3lmj2sAQRRrDcx5TA,{'value': 'UCBDGWx3lmj2sAQRRrDcx5TA'},True,none,0,2023-05-26T03:28:06Z,2023-05-26T03:28:06Z,,gratis pensar√© jugarlo jajaja,0.0516
UC05m1jT_pGm-DJKlpXsBYkA,sfGLzac6QIs,"De hecho, la serie de Amazon es bastante buena en t√©rminos generales y yo la he disfrutado m√°s que alguna pel√≠cula de El Hobbit. No s√© a qu√© viene ese palo tan gratuito.","De hecho, la serie de Amazon es bastante buena en t√©rminos generales y yo la he disfrutado m√°s que alguna pel√≠cula de El Hobbit. No s√© a qu√© viene ese palo tan gratuito.",@ramgargo9170,https://yt3.ggpht.com/ytc/AIf8zZQHhSyk0qvdeanCqrEXkRUMuxsrjVdngobrzg=s48-c-k-c0x00ffffff-no-rj,http://www.youtube.com/channel/UCf-f5ljgDWyORb27HfPNJlg,{'value': 'UCf-f5ljgDWyORb27HfPNJlg'},True,none,2,2023-05-26T03:27:42Z,2023-05-26T03:28:04Z,,hecho serie amazon bastante buena t√©rminos generales disfrutado alguna pel√≠cula hobbit s√© viene palo tan gratuito,0.1779
UC05m1jT_pGm-DJKlpXsBYkA,,Tampoco es que el Hobbit sea precisamente de calidad XD,Tampoco es que el Hobbit sea precisamente de calidad XD,@alabama6566,https://yt3.ggpht.com/l8Hdm3Ilzs9bl-RIH3NjHOmD_bPyXyPQV7ut_P6BnsinoZzGWZjX8b7fZ7hCrNw6iHpmEpCHXQ=s48-c-k-c0x00ffffff-no-rj,http://www.youtube.com/@alabama6566,{'value': 'UCSoQqy0SLaqYl4AyJatdm1A'},True,none,0,2023-06-02T20:49:24Z,2023-06-02T20:49:24Z,UgyfTm6ugPOzzgtFLFl4AaABAg,tampoco hobbit precisamente calidad xd,0.5859
UC05m1jT_pGm-DJKlpXsBYkA,sfGLzac6QIs,la IP estaba mucho mejor descansando que con Amazon y sus cosas,la IP estaba mucho mejor descansando que con Amazon y sus cosas,@TUNELNEL,https://yt3.ggpht.com/i5hn7zLIYhqiVfpUeJwwilEbcG6PqKo0lDDul2qV7ZhcqhVqxopodaaFOfWy0jwmWfdkOJbA=s48-c-k-c0x00ffffff-no-rj,http://www.youtube.com/channel/UCjDwB3c-rEWlKY_r1wfl2dw,{'value': 'UCjDwB3c-rEWlKY_r1wfl2dw'},True,none,1,2023-05-26T02:44:45Z,2023-05-26T02:44:45Z,,ip mejor descansando amazon cosas,0.1779
UC05m1jT_pGm-DJKlpXsBYkA,sfGLzac6QIs,"llevo como 20 segundos viendolo y se ve super basura , el que lo esta rese√±ando no se si es comprado pero es muy amable con el juego por que ya ves que el juego parece de play 2","llevo como 20 segundos viendolo y se ve super basura , el que lo esta rese√±ando no se si es comprado pero es muy amable con el juego por que ya ves que el juego parece de play 2",@fenrir4642,https://yt3.ggpht.com/ytc/AIf8zZQA4tDqgDroDUu2J08zIMvB45SB14ztQVjSdX8vCw=s48-c-k-c0x00ffffff-no-rj,http://www.youtube.com/channel/UCGmQjNRRqjRU3XyNIpgbLHw,{'value': 'UCGmQjNRRqjRU3XyNIpgbLHw'},True,none,0,2023-05-26T02:40:17Z,2023-05-26T02:40:17Z,,llevo 20 segundos viendolo ve super basura rese√±ando si comprado amable juego ves juego parece play 2,0.743
UC05m1jT_pGm-DJKlpXsBYkA,sfGLzac6QIs,No sabia que la serie de Amazon era mala,No sabia que la serie de Amazon era mala,@sanbenito4360,https://yt3.ggpht.com/rqA-ai3IuhosmSmj37-yKDXt-BSEhxWY_HZqL1WRHlalo09mnwbMPpXcnWxrqgwVE_h7OsTMPw=s48-c-k-c0x00ffffff-no-rj,http://www.youtube.com/channel/UClPsUo5YfPkIswRfHrVLrKg,{'value': 'UClPsUo5YfPkIswRfHrVLrKg'},True,none,0,2023-05-26T00:46:03Z,2023-05-26T00:46:03Z,,sabia serie amazon mala,0.1779
UC05m1jT_pGm-DJKlpXsBYkA,,"@Radel por ejemplo quien es el enemigo pol√≠tico de ka reina de numenor, segun ella no sigue el camino de su padre en la amistad hacia los elfos por miedo de ser destronada, pero nunca se muestra salvo antes de que ella parte a la tierra media que supuestamente es al pharazon, pero en algun momento la serie muestra antes de eso que hay una rivalidad entre ellos y decir que es porque al pharazon simplemnte espera atacarla por la espalda sin que la reina sospeche, menos tiene sentido, la unica vez que muestran algun tipo de protesta son la de los tres matados que intentan golpear a sauron en un callejon y no se les pudo ocurrir algo mas ridiculo que protestar contra la inmigracion por una sola elfa que naufrago en su isla y que tienen decadas o siglos sin que un elfo pise sus tierras, eso solo tendria sentido si la guerras estallase en la tierra medio y estuvieran recibiendo miles de refugiados elfos, luego esta de que con toda la animaversion que tienen los numeronianos hacia galadriel decidan avalar a su reina a que se vaya a una expedicion comandada por galadriel, luego esta el viaje, en serio solo tiene tres, barquitos para esta empresa, numenor que se le conoce como una potencia maritima, supongo que a amazon no le dio el presupuesto para poner una flota en cgi,. <br>porque apenas llegar a la tierra media salen a todo galope por cientos o miles de km, eso no tiene ningun sentido salvo para la conveniencia del guion de ir a salvar a un plueblucho a tomar por del que no podian tener idea que estaba siendo atacado<br>tambien tiene tela que lo de la espada llave en realidad fuera una trama innecesaria para lo que hacia que era abrir un agujero en una presa, tiene sentido que los orcos que estuvieron haciendo canales por todo el monte del destino necesitasen esa llave, cuando pudieron destruir la presa con cualquier  otro medio, en fin esto es asi con las demas tramas un monton de sinsentidos que se ve que los escritores hicieron un guion con el minimo esfuerzo","@Radel por ejemplo quien es el enemigo pol√≠tico de ka reina de numenor, segun ella no sigue el camino de su padre en la amistad hacia los elfos por miedo de ser destronada, pero nunca se muestra salvo antes de que ella parte a la tierra media que supuestamente es al pharazon, pero en algun momento la serie muestra antes de eso que hay una rivalidad entre ellos y decir que es porque al pharazon simplemnte espera atacarla por la espalda sin que la reina sospeche, menos tiene sentido, la unica vez que muestran algun tipo de protesta son la de los tres matados que intentan golpear a sauron en un callejon y no se les pudo ocurrir algo mas ridiculo que protestar contra la inmigracion por una sola elfa que naufrago en su isla y que tienen decadas o siglos sin que un elfo pise sus tierras, eso solo tendria sentido si la guerras estallase en la tierra medio y estuvieran recibiendo miles de refugiados elfos, luego esta de que con toda la animaversion que tienen los numeronianos hacia galadriel decidan avalar a su reina a que se vaya a una expedicion comandada por galadriel, luego esta el viaje, en serio solo tiene tres, barquitos para esta empresa, numenor que se le conoce como una potencia maritima, supongo que a amazon no le dio el presupuesto para poner una flota en cgi,. 
porque apenas llegar a la tierra media salen a todo galope por cientos o miles de km, eso no tiene ningun sentido salvo para la conveniencia del guion de ir a salvar a un plueblucho a tomar por del que no podian tener idea que estaba siendo atacado
tambien tiene tela que lo de la espada llave en realidad fuera una trama innecesaria para lo que hacia que era abrir un agujero en una presa, tiene sentido que los orcos que estuvieron haciendo canales por todo el monte del destino necesitasen esa llave, cuando pudieron destruir la presa con cualquier  otro medio, en fin esto es asi con las demas tramas un monton de sinsentidos que se ve que los escritores hicieron un guion con el minimo esfuerzo",@sparda0917,https://yt3.ggpht.com/ytc/AIf8zZRCeYubhdRsVGyAjs4TutUjMkRZ3738VwIxdxpo=s48-c-k-c0x00ffffff-no-rj,http://www.youtube.com/@sparda0917,{'value': 'UCOysY818BKXCeKSWvvwX1WA'},True,none,1,2023-05-27T00:53:35Z,2023-05-27T00:53:35Z,UgyutHsOTFB4MVuGL5d4AaABAg,radel ejemplo enemigo pol√≠tico ka reina numenor segun sigue camino padre amistad hacia elfos miedo ser destronada nunca muestra salvo parte tierra media supuestamente pharazon algun momento serie muestra rivalidad decir pharazon simplemnte espera atacarla espalda reina sospeche menos unica vez muestran algun tipo protesta tres matados intentan golpear sauron callejon pudo ocurrir mas ridiculo protestar inmigracion sola elfa naufrago isla decadas siglos elfo pise tierras solo tendria si guerras estallase tierra medio recibiendo miles refugiados elfos luego toda animaversion numeronianos hacia galadriel decidan avalar reina vaya expedicion comandada galadriel luego viaje serio solo tres barquitos empresa numenor conoce potencia maritima supongo amazon dio presupuesto poner flota cgi brporque apenas llegar tierra media salen galope cientos miles km ningun salvo conveniencia guion ir salvar plueblucho tomar podian tener idea siendo atacadobrtambien tela espada llave realidad trama innecesaria hacia abrir agujero presa orcos haciendo canales monte destino necesitasen llave pudieron destruir presa cualquier medio fin asi demas tramas monton sinsentidos ve escritores hicieron guion minimo esfuerzo,0.1779
UC05m1jT_pGm-DJKlpXsBYkA,sfGLzac6QIs,"3 capitulos v√≠ de la basura de amazon, no pude ver mas sin morirme del aburrimiento","3 capitulos v√≠ de la basura de amazon, no pude ver mas sin morirme del aburrimiento",@NicuzVillafane,https://yt3.ggpht.com/ytc/AIf8zZRoyvhhHeMOkb5KYmCAAueACshc8eaIi5c8Feeg=s48-c-k-c0x00ffffff-no-rj,http://www.youtube.com/channel/UCpQYqfOw18CZ2hXKOCYlOSA,{'value': 'UCpQYqfOw18CZ2hXKOCYlOSA'},True,none,4,2023-05-26T00:27:34Z,2023-05-26T00:27:34Z,,3 capitulos v√≠ basura amazon pude ver mas morirme aburrimiento,0.1779
UC05m1jT_pGm-DJKlpXsBYkA,sfGLzac6QIs,Lo peor no es Gollum lo peor esta por llegar ser√° el juego de Amazon del se√±or de los anillos NEW WORLD + ANILLOS DE PODER que podr√≠a salir mal.<br>TODO,"Lo peor no es Gollum lo peor esta por llegar ser√° el juego de Amazon del se√±or de los anillos NEW WORLD + ANILLOS DE PODER que podr√≠a salir mal.
TODO",@Sr.Tiburon.,https://yt3.ggpht.com/LxyZaiP91vKC-m7s8sAwmeBsKur6_jxlylCA-53PcQHtXoFIEveZvsJjwDLM2bUeYHbFXE02EaQ=s48-c-k-c0x00ffffff-no-rj,http://www.youtube.com/channel/UCmcQxkB4ZWu9r_AhoZ9r3nw,{'value': 'UCmcQxkB4ZWu9r_AhoZ9r3nw'},True,none,2,2023-05-25T23:56:36Z,2023-05-25T23:56:36Z,,peor gollum peor llegar juego amazon se√±or anillos new world anillos poder podr√≠a salir malbrtodo,0.1779
UC05m1jT_pGm-DJKlpXsBYkA,sfGLzac6QIs,Se ve horrible el juego xD,Se ve horrible el juego xD,@GuharoLeon,https://yt3.ggpht.com/ytc/AIf8zZQZZkmJ-5d5VtHdj_f-Kn5lFj_ZKrqKODQGBc4t=s48-c-k-c0x00ffffff-no-rj,http://www.youtube.com/channel/UCUD_AmJKlECs7wRhgIz8aeA,{'value': 'UCUD_AmJKlECs7wRhgIz8aeA'},True,none,0,2023-05-25T23:01:57Z,2023-05-25T23:01:57Z,,ve horrible juego xd,0.0772
UC05m1jT_pGm-DJKlpXsBYkA,sfGLzac6QIs,"No he visto la serie de Amazon, si es tan mala y no recomiendan verla? Solo me vi  las pel√≠culas hace alg√∫n tiempo. Me estoy adentrando √∫ltimamente en el universo gracias al juego Shadow of Mordor.","No he visto la serie de Amazon, si es tan mala y no recomiendan verla? Solo me vi  las pel√≠culas hace alg√∫n tiempo. Me estoy adentrando √∫ltimamente en el universo gracias al juego Shadow of Mordor.",@ryujibergkamp,https://yt3.ggpht.com/ytc/AIf8zZT5O5okZdQKD_DgVgMDJFskPDeEyF59j7wBnpSoEw=s48-c-k-c0x00ffffff-no-rj,http://www.youtube.com/channel/UCV6ulk4K6qyI3p59btJaggQ,{'value': 'UCV6ulk4K6qyI3p59btJaggQ'},True,none,0,2023-05-25T23:00:19Z,2023-05-25T23:00:56Z,,visto serie amazon si tan mala recomiendan verla solo vi pel√≠culas hace alg√∫n tiempo adentrando √∫ltimamente universo gracias juego shadow of mordor,0.1779
UC05m1jT_pGm-DJKlpXsBYkA,,"Para nada es mala, es buena serie. Sencillamente es una adaptaci√≥n libre de los acontecimientos de la Segunda Edad y muchos fan√°ticos la odian por no ser del todo canon en su primera temporada, algo similar a lo que ocurre en el juego Shadow of Mordor, que tambi√©n se aleja del canon. Yo soy fan de Tolkien y de las pel√≠culas y la disfrut√© mucho. Evidentemente no es perfecta, tiene aspectos muy buenos y otros mejorables, y todav√≠a est√° lejos de las pel√≠culas, pero s√≠ me parece una serie notable y con mucho potencial de cara a futuras temporadas. Te recomiendo darle una oportunidad.","Para nada es mala, es buena serie. Sencillamente es una adaptaci√≥n libre de los acontecimientos de la Segunda Edad y muchos fan√°ticos la odian por no ser del todo canon en su primera temporada, algo similar a lo que ocurre en el juego Shadow of Mordor, que tambi√©n se aleja del canon. Yo soy fan de Tolkien y de las pel√≠culas y la disfrut√© mucho. Evidentemente no es perfecta, tiene aspectos muy buenos y otros mejorables, y todav√≠a est√° lejos de las pel√≠culas, pero s√≠ me parece una serie notable y con mucho potencial de cara a futuras temporadas. Te recomiendo darle una oportunidad.",@ramgargo9170,https://yt3.ggpht.com/ytc/AIf8zZQHhSyk0qvdeanCqrEXkRUMuxsrjVdngobrzg=s48-c-k-c0x00ffffff-no-rj,http://www.youtube.com/@ramgargo9170,{'value': 'UCf-f5ljgDWyORb27HfPNJlg'},True,none,0,2023-05-26T03:12:08Z,2023-05-26T03:12:08Z,Ugz9VKVyB4QkzAq2rxt4AaABAg,mala buena serie sencillamente adaptaci√≥n libre acontecimientos segunda edad fan√°ticos odian ser canon primera temporada similar ocurre juego shadow of mordor aleja canon fan tolkien pel√≠culas disfrut√© evidentemente perfecta aspectos buenos mejorables todav√≠a lejos pel√≠culas parece serie notable potencial cara futuras temporadas recomiendo darle oportunidad,0.5719
UC05m1jT_pGm-DJKlpXsBYkA,sfGLzac6QIs,que espanto de juego. por el amor a JRRT.,que espanto de juego. por el amor a JRRT.,@Alejmass,https://yt3.ggpht.com/ytc/AIf8zZT-rjB7S12bLhcpTAduail1UtWKMUajg7XzPNO4=s48-c-k-c0x00ffffff-no-rj,http://www.youtube.com/channel/UCcN4H9vQ37kJLKLCyeA2H4Q,{'value': 'UCcN4H9vQ37kJLKLCyeA2H4Q'},True,none,0,2023-05-25T22:25:44Z,2023-05-25T22:25:44Z,,espanto juego amor jrrt,0.6124
UC05m1jT_pGm-DJKlpXsBYkA,sfGLzac6QIs,La serie de amazon esta muy buena. No hay q ser fan√°tico,La serie de amazon esta muy buena. No hay q ser fan√°tico,@junama10,https://yt3.ggpht.com/ytc/AIf8zZS8MguqsAXzaSXZmywIq8VHaxnma3W8bTjObjeM=s48-c-k-c0x00ffffff-no-rj,http://www.youtube.com/channel/UC6OSvkGIWVs-TKp3baZcGqA,{'value': 'UC6OSvkGIWVs-TKp3baZcGqA'},True,none,2,2023-05-25T20:03:35Z,2023-05-25T20:03:35Z,,serie amazon buena q ser fan√°tico,0.1779
UC05m1jT_pGm-DJKlpXsBYkA,,"@Intervenci√≥n Comunitaria A mi me gust√≥, no es perfecta pero tiene aspectos muy buenos.","@Intervenci√≥n Comunitaria A mi me gust√≥, no es perfecta pero tiene aspectos muy buenos.",@ramgargo9170,https://yt3.ggpht.com/ytc/AIf8zZQHhSyk0qvdeanCqrEXkRUMuxsrjVdngobrzg=s48-c-k-c0x00ffffff-no-rj,http://www.youtube.com/@ramgargo9170,{'value': 'UCf-f5ljgDWyORb27HfPNJlg'},True,none,2,2023-05-26T02:56:59Z,2023-05-26T02:56:59Z,Ugy2gco8nH6IgQHOKg94AaABAg,intervenci√≥n comunitaria gust√≥ perfecta aspectos buenos,0.34
UC05m1jT_pGm-DJKlpXsBYkA,sfGLzac6QIs,Se imaginan un Arpg tipo skyrim pero del se√±or de los anillos(cualquier edad)?? Uffff <br>Por m√°s que tenga los gr√°ficos de skyrim hoy en d√≠a hasta me lo comprar√≠a ajajaja xD,"Se imaginan un Arpg tipo skyrim pero del se√±or de los anillos(cualquier edad)?? Uffff 
Por m√°s que tenga los gr√°ficos de skyrim hoy en d√≠a hasta me lo comprar√≠a ajajaja xD",@darksus16,https://yt3.ggpht.com/ytc/AIf8zZT-lQVbdJgzur2qO62l2wIbAsynS83Qor4IzaBSg3g-_dL7jtkRLkIy3mj8kihH=s48-c-k-c0x00ffffff-no-rj,http://www.youtube.com/channel/UCR1TsMkjxiQPduU5ar7z-Pg,{'value': 'UCR1TsMkjxiQPduU5ar7z-Pg'},True,none,6,2023-05-25T19:46:37Z,2023-05-25T19:46:37Z,,imaginan arpg tipo skyrim se√±or anilloscualquier edad uffff brpor gr√°ficos skyrim hoy d√≠a comprar√≠a ajajaja xd,0.5859
UC05m1jT_pGm-DJKlpXsBYkA,sfGLzac6QIs,gente no me jodan tampoco esta tan mal laas fisicas si que son un poco torpe pero como un casual esta muy bien,gente no me jodan tampoco esta tan mal laas fisicas si que son un poco torpe pero como un casual esta muy bien,@Bbzhitto,https://yt3.ggpht.com/NAFML3GsQ7dVI-4RziEyUo0xae8BlMYm-iLO7B7PnLpBkXjNdAoLtus5XjxPLb5nBAizyhiw=s48-c-k-c0x00ffffff-no-rj,http://www.youtube.com/channel/UCfWgMEDg5OIHyOp_JQ6INgQ,{'value': 'UCfWgMEDg5OIHyOp_JQ6INgQ'},True,none,0,2023-05-25T18:27:55Z,2023-05-25T18:27:55Z,,gente jodan tampoco tan mal laas fisicas si torpe casual bien,0.2023
UC05m1jT_pGm-DJKlpXsBYkA,,"@Keppler - 134 Eso es lo de menos, Kakarot y Xenoverse 2 tienen harto relleno y ning√∫n fan de Dragon Ball se queja de que en esos juegos haya momentos que no sean canon, de hecho le agregan originalidad al titulo y hacen que tenga cierto atractivo jugarlos por m√°s que conozcas de sobra la historia y que no sea m√°s de lo mismo","@Keppler - 134 Eso es lo de menos, Kakarot y Xenoverse 2 tienen harto relleno y ning√∫n fan de Dragon Ball se queja de que en esos juegos haya momentos que no sean canon, de hecho le agregan originalidad al titulo y hacen que tenga cierto atractivo jugarlos por m√°s que conozcas de sobra la historia y que no sea m√°s de lo mismo",@javierg.5418,https://yt3.ggpht.com/ytc/AIf8zZRfWYO_pCLVUNP_MxMN8pPn7MGLyvKfTiq7Ig3nhA=s48-c-k-c0x00ffffff-no-rj,http://www.youtube.com/@javierg.5418,{'value': 'UC6qancBt8v9Kx4L08QgEk3w'},True,none,1,2023-06-01T06:57:37Z,2023-06-01T06:57:37Z,UgwAXnLVFTcel8GLwst4AaABAg,keppler 134 menos kakarot xenoverse 2 harto relleno ning√∫n fan dragon ball queja juegos momentos canon hecho agregan originalidad titulo hacen cierto atractivo jugarlos conozcas sobra historia mismo,0.3182
UC05m1jT_pGm-DJKlpXsBYkA,,"En realidad era atractiva la idea si es que sos fan de Tolkien o las peliculas, uno hubiera esperado vivir esos momentos en que Gandalf cuenta la historia de Gollum pero desde su perspectiva, podr√≠a haber sido bastante √©pico, pero bueno, es una pena que no haya salido como deb√≠a","En realidad era atractiva la idea si es que sos fan de Tolkien o las peliculas, uno hubiera esperado vivir esos momentos en que Gandalf cuenta la historia de Gollum pero desde su perspectiva, podr√≠a haber sido bastante √©pico, pero bueno, es una pena que no haya salido como deb√≠a",@javierg.5418,https://yt3.ggpht.com/ytc/AIf8zZRfWYO_pCLVUNP_MxMN8pPn7MGLyvKfTiq7Ig3nhA=s48-c-k-c0x00ffffff-no-rj,http://www.youtube.com/@javierg.5418,{'value': 'UC6qancBt8v9Kx4L08QgEk3w'},True,none,1,2023-06-01T06:55:40Z,2023-06-01T06:55:40Z,Ugy-l40zqfreXELbm2R4AaABAg,realidad atractiva idea si sos fan tolkien peliculas esperado vivir momentos gandalf cuenta historia gollum perspectiva podr√≠a haber sido bastante √©pico bueno pena salido deb√≠a,0.3182
UC05m1jT_pGm-DJKlpXsBYkA,sfGLzac6QIs,Ajajajjsjajaja dejo like por el t√≠tulo me hizo re√≠r,Ajajajjsjajaja dejo like por el t√≠tulo me hizo re√≠r,@AtuelFloyd,https://yt3.ggpht.com/zWQ_IEcMvAnoFLu3C3i6lwCOGvPATTRCtjU0PRN7RlCCjW1cXRMpXcvSZIo0sxZhtD15cNnLcA=s48-c-k-c0x00ffffff-no-rj,http://www.youtube.com/channel/UCO-lsyOywcl_nvTTA0Rqgrw,{'value': 'UCO-lsyOywcl_nvTTA0Rqgrw'},True,none,0,2023-05-25T15:43:49Z,2023-05-25T15:43:49Z,,ajajajjsjajaja dejo like t√≠tulo hizo re√≠r,0.3612
UC05m1jT_pGm-DJKlpXsBYkA,sfGLzac6QIs,Peor que la serie no puede ser xD,Peor que la serie no puede ser xD,@josemi888,https://yt3.ggpht.com/mvK6qTaCvb4BtNrh84_Kvk3XaPO3kESVNDYQu1aaNdmLW3ow2NuO5wWAcFLk5qngUBzsM0HU8A=s48-c-k-c0x00ffffff-no-rj,http://www.youtube.com/channel/UCfNyH45EiRaLJpKclXGreoA,{'value': 'UCfNyH45EiRaLJpKclXGreoA'},True,none,0,2023-05-25T15:39:05Z,2023-05-25T15:39:05Z,,peor serie puede ser xd,0.5859
UC05m1jT_pGm-DJKlpXsBYkA,sfGLzac6QIs,"Como fan lo jugar√©, pero hasta que est√© rebajado de precio.","Como fan lo jugar√©, pero hasta que est√© rebajado de precio.",@ivangalicia6451,https://yt3.ggpht.com/ytc/AIf8zZRH_4kpJINuwOINc7XSVd_WeFD7kX1iCrVRdg=s48-c-k-c0x00ffffff-no-rj,http://www.youtube.com/channel/UCS3c4IQOno8KkcQTVPNinTA,{'value': 'UCS3c4IQOno8KkcQTVPNinTA'},True,none,3,2023-05-25T15:36:28Z,2023-05-25T15:36:28Z,,fan jugar√© rebajado precio,0.3182
UC05m1jT_pGm-DJKlpXsBYkA,,@Deathtrooper 2200 por favor otro shadow no xD<br>Prefiero un batalla por las tierras medias 3 jajaajaj,"@Deathtrooper 2200 por favor otro shadow no xD
Prefiero un batalla por las tierras medias 3 jajaajaj",@darksus16,https://yt3.ggpht.com/ytc/AIf8zZT-lQVbdJgzur2qO62l2wIbAsynS83Qor4IzaBSg3g-_dL7jtkRLkIy3mj8kihH=s48-c-k-c0x00ffffff-no-rj,http://www.youtube.com/@darksus16,{'value': 'UCR1TsMkjxiQPduU5ar7z-Pg'},True,none,1,2023-05-25T19:39:54Z,2023-05-25T19:39:54Z,UgwaF0AopWmk0WfZpSt4AaABAg,deathtrooper 2200 favor shadow xdbrprefiero batalla tierras medias 3 jajaajaj,0.4019
UC05m1jT_pGm-DJKlpXsBYkA,sfGLzac6QIs,"Hola, solo vengo a decir que a qu√© viene este beef tan gratuito a la serie de amazon? Adios.","Hola, solo vengo a decir que a qu√© viene este beef tan gratuito a la serie de amazon? Adios.",@harryzzipotter1326,https://yt3.ggpht.com/ytc/AIf8zZRCJ59uC-f1z4nkZu69SsgaefL5U_lm8IZePw=s48-c-k-c0x00ffffff-no-rj,http://www.youtube.com/channel/UCmtzgXjfqKmNPj09KoMTU5g,{'value': 'UCmtzgXjfqKmNPj09KoMTU5g'},True,none,0,2023-05-25T14:11:01Z,2023-05-25T14:11:01Z,,hola solo vengo decir viene beef tan gratuito serie amazon adios,0.1779
UC05m1jT_pGm-DJKlpXsBYkA,,No lo sabes t√∫ bien jajajaja <br>He sufrido mucho jug√°ndolo xD,"No lo sabes t√∫ bien jajajaja 
He sufrido mucho jug√°ndolo xD",@HDPlayMovie,https://yt3.ggpht.com/ytc/AIf8zZQFxB7Ge8N3TE34zt4zPNqH6ejdQgRkHGfHETjd6g=s48-c-k-c0x00ffffff-no-rj,http://www.youtube.com/@HDPlayMovie,{'value': 'UCfal_PFY_QSdrL7eWto-IcQ'},True,none,1,2023-05-25T12:52:18Z,2023-05-25T12:52:18Z,Ugw1N7t-QvloSAultuh4AaABAg,sabes bien jajajaja brhe sufrido jug√°ndolo xd,0.5859
UC05m1jT_pGm-DJKlpXsBYkA,sfGLzac6QIs,"A mi me gusto la serie de amazon la verdad, el juego si se ve malito creo que gollum no es el mejor protragonista para un juego","A mi me gusto la serie de amazon la verdad, el juego si se ve malito creo que gollum no es el mejor protragonista para un juego",@ericolivares9983,https://yt3.ggpht.com/ytc/AIf8zZTCm2BXSixhJwNfvBrNM6tb5Frgj35zaL6EMQ=s48-c-k-c0x00ffffff-no-rj,http://www.youtube.com/channel/UC9KGVffMjaBXWYUjCS2o7zg,{'value': 'UC9KGVffMjaBXWYUjCS2o7zg'},True,none,2,2023-05-25T12:48:31Z,2023-05-25T12:48:31Z,,gusto serie amazon verdad juego si ve malito creo gollum mejor protragonista juego,0.1779
UC05m1jT_pGm-DJKlpXsBYkA,,"Y encima practicamente ya hacen lo que quieren y quien sea que tenga los derechos de la obra lo permiten. Para mi esa gente que los tiene no se merecen tener los derechos de la obra<br>Recuerdo que hace no mucho salieron unas cartas donde pusieron negros a Aragorn,a Eowyn y creo que tambien a Galadriel(ni Amazon se atrevio a eso con esta ultima)","Y encima practicamente ya hacen lo que quieren y quien sea que tenga los derechos de la obra lo permiten. Para mi esa gente que los tiene no se merecen tener los derechos de la obra
Recuerdo que hace no mucho salieron unas cartas donde pusieron negros a Aragorn,a Eowyn y creo que tambien a Galadriel(ni Amazon se atrevio a eso con esta ultima)",@Deathtrooper-kn7cr,https://yt3.ggpht.com/ytc/AIf8zZRqM9WTcvFDN7OAEFtJOCJn4ZkDztXpobcxjtLoeg=s48-c-k-c0x00ffffff-no-rj,http://www.youtube.com/@Deathtrooper-kn7cr,{'value': 'UC6cQIUwKFFo8Mv1P0Om-TsQ'},True,none,0,2023-05-25T14:52:53Z,2023-05-25T14:53:30Z,UgyYajoH1fetdJqnxGx4AaABAg,encima practicamente hacen quieren derechos obra permiten gente merecen tener derechos obrabrrecuerdo hace salieron unas cartas pusieron negros aragorna eowyn creo tambien galadrielni amazon atrevio ultima,0.1779
UC05m1jT_pGm-DJKlpXsBYkA,,Que es malo?es mentira.Yo llevo toda la ma√±ana jugando esta ma√±ana en mi canal y no existen bugs y se ve genial tras el parche.Sigue escuchando a la prensa con sus tonterias,Que es malo?es mentira.Yo llevo toda la ma√±ana jugando esta ma√±ana en mi canal y no existen bugs y se ve genial tras el parche.Sigue escuchando a la prensa con sus tonterias,@SportsMaximo,https://yt3.ggpht.com/ytc/AIf8zZRylYs62Y2CWHtqUn4LxJiGpWIxdRMvvnFCSYQq=s48-c-k-c0x00ffffff-no-rj,http://www.youtube.com/@SportsMaximo,{'value': 'UCvx58rrfVhm3s_uktJOP0-g'},True,none,1,2023-05-25T12:24:57Z,2023-05-25T12:24:57Z,UgzXBCSHgI1wa_0f8UJ4AaABAg,maloes mentirayo llevo toda ma√±ana jugando ma√±ana canal existen bugs ve genial tras parchesigue escuchando prensa tonterias,0.4215
UC05m1jT_pGm-DJKlpXsBYkA,,‚Äã@Diener y the gollum es mejor la verdad por lo menos el multi para jugar con amigos pero the gollum es unadesepcion con creeses por la ip qu√© maneja super cara como star wars redfail no es una ip importante,‚Äã@Diener y the gollum es mejor la verdad por lo menos el multi para jugar con amigos pero the gollum es unadesepcion con creeses por la ip qu√© maneja super cara como star wars redfail no es una ip importante,@dariogonzalez9956,https://yt3.ggpht.com/ytc/AIf8zZQuwpp0l_olv9iQBXPmWe9j-E1gG_ad3O4bIE_JCA=s48-c-k-c0x00ffffff-no-rj,http://www.youtube.com/@dariogonzalez9956,{'value': 'UCQsEAPGC5SDRRSYB6ZKz6Jw'},True,none,1,2023-05-25T14:18:08Z,2023-05-25T14:18:08Z,UgzOBGdQ3IExUhWO4Qx4AaABAg,diener the gollum mejor verdad menos multi jugar amigos the gollum unadesepcion creeses ip maneja super cara star wars redfail ip importante,0.0772
UC05m1jT_pGm-DJKlpXsBYkA,,El de gollum se ve genial,El de gollum se ve genial,@Dannyyugigx,https://yt3.ggpht.com/ytc/AIf8zZRLW8BiVgtqQmNoX5iDBtnN-LUx0UU0iwkKoVWg50M=s48-c-k-c0x00ffffff-no-rj,http://www.youtube.com/@Dannyyugigx,{'value': 'UCJvxrojI4sG_nFbRfKyJqvw'},True,none,0,2023-05-28T07:44:44Z,2023-05-28T07:44:44Z,UgzOBGdQ3IExUhWO4Qx4AaABAg,gollum ve genial,0.4215
UC05m1jT_pGm-DJKlpXsBYkA,,"Yo tengo pc gamer y compro juegos de xbox porque tambi√©n me los dan en pc cosa que no hace Sony, el redfall es como un fortnite de mapa abierto con algo de mejores graficos, pero las mayores mierdas teneis que admitir que fueron el babylons fall, chapo servidores en 12 meses, destruction all stars, etc los mayores √±ordos son de play la verdad, aunque si el golum esta ah√≠ ahi pero, creo que le gana el stray el juego del gato que en la play store lo pusieran a 80 euros y dura 3 horas","Yo tengo pc gamer y compro juegos de xbox porque tambi√©n me los dan en pc cosa que no hace Sony, el redfall es como un fortnite de mapa abierto con algo de mejores graficos, pero las mayores mierdas teneis que admitir que fueron el babylons fall, chapo servidores en 12 meses, destruction all stars, etc los mayores √±ordos son de play la verdad, aunque si el golum esta ah√≠ ahi pero, creo que le gana el stray el juego del gato que en la play store lo pusieran a 80 euros y dura 3 horas",@saimonwhite9885,https://yt3.ggpht.com/UbmDAdeiA-rcKFu0vBxiOIkG4CyplRKYE0_UsCo04caJ0vEAQbPWaZ68y28ToKEc7IZ0dwpG=s48-c-k-c0x00ffffff-no-rj,http://www.youtube.com/@saimonwhite9885,{'value': 'UCUpG1cE6MLLfrS6qfjMyJIA'},True,none,0,2023-05-28T10:30:06Z,2023-05-28T10:30:06Z,UgzOBGdQ3IExUhWO4Qx4AaABAg,pc gamer compro juegos xbox dan pc cosa hace sony redfall fortnite mapa abierto mejores graficos mayores mierdas teneis admitir babylons fall chapo servidores 12 meses destruction all stars etc mayores √±ordos play verdad aunque si golum ah√≠ ahi creo gana stray juego gato play store pusieran 80 euros dura 3 horas,0.0258
UC05m1jT_pGm-DJKlpXsBYkA,,"@Lu ami no me gustan compa√±ias o no, no mr voy a comprar unas nikes porque son nikes, no voy a pagar 90 pavos un teclado de Apple que es mierda, y la xbox por 500 pavos te tira juegos a 4k a 60 fps, adem√°s mi tio tiene ls ps5 con lo cual puedo jugar a todo, prob√© el rachet y clank nuevo y es no es malo pero tiene inestabilidad de fps y dura 6 horas, si lo pillas barato bien pero ten√≠an m√°s rejugabilidad los antiguos, pero hoy en d√≠a por 500 pavos que puedas jugar 4k y que la gente se meta con las consolas es para que les regalr mi game boy con el f zero xD","@Lu ami no me gustan compa√±ias o no, no mr voy a comprar unas nikes porque son nikes, no voy a pagar 90 pavos un teclado de Apple que es mierda, y la xbox por 500 pavos te tira juegos a 4k a 60 fps, adem√°s mi tio tiene ls ps5 con lo cual puedo jugar a todo, prob√© el rachet y clank nuevo y es no es malo pero tiene inestabilidad de fps y dura 6 horas, si lo pillas barato bien pero ten√≠an m√°s rejugabilidad los antiguos, pero hoy en d√≠a por 500 pavos que puedas jugar 4k y que la gente se meta con las consolas es para que les regalr mi game boy con el f zero xD",@saimonwhite9885,https://yt3.ggpht.com/UbmDAdeiA-rcKFu0vBxiOIkG4CyplRKYE0_UsCo04caJ0vEAQbPWaZ68y28ToKEc7IZ0dwpG=s48-c-k-c0x00ffffff-no-rj,http://www.youtube.com/@saimonwhite9885,{'value': 'UCUpG1cE6MLLfrS6qfjMyJIA'},True,none,0,2023-05-28T11:03:26Z,2023-05-28T11:03:26Z,UgzOBGdQ3IExUhWO4Qx4AaABAg,lu ami gustan compa√±ias mr voy comprar unas nikes nikes voy pagar 90 pavos teclado apple mierda xbox 500 pavos tira juegos 4k 60 fps adem√°s tio ls ps5 puedo jugar prob√© rachet clank nuevo malo inestabilidad fps dura 6 horas si pillas barato bien rejugabilidad antiguos hoy d√≠a 500 pavos puedas jugar 4k gente meta consolas regalr game boy f zero xd,0.5859
UC05m1jT_pGm-DJKlpXsBYkA,,"@Luah y los de nintendo aver yo los pokemon no los compro porque son todos iguales y los pokemon cada vez los hacen peor, pero mario alreves cada vez mejor, hoy en d√≠a hay 40000 juegos gratis buenos y pr√°cticamente nadie tiene juegos exclusivos en resumen es mejor ir al que ponga mejores precios, pc b√°sicamente, si no hay dinero pa pc xbox, los juegos a 80 euros que sony te roba 20 directamente no hacen gracia","@Luah y los de nintendo aver yo los pokemon no los compro porque son todos iguales y los pokemon cada vez los hacen peor, pero mario alreves cada vez mejor, hoy en d√≠a hay 40000 juegos gratis buenos y pr√°cticamente nadie tiene juegos exclusivos en resumen es mejor ir al que ponga mejores precios, pc b√°sicamente, si no hay dinero pa pc xbox, los juegos a 80 euros que sony te roba 20 directamente no hacen gracia",@saimonwhite9885,https://yt3.ggpht.com/UbmDAdeiA-rcKFu0vBxiOIkG4CyplRKYE0_UsCo04caJ0vEAQbPWaZ68y28ToKEc7IZ0dwpG=s48-c-k-c0x00ffffff-no-rj,http://www.youtube.com/@saimonwhite9885,{'value': 'UCUpG1cE6MLLfrS6qfjMyJIA'},True,none,0,2023-05-28T11:06:02Z,2023-05-28T11:06:02Z,UgzOBGdQ3IExUhWO4Qx4AaABAg,luah nintendo aver pokemon compro iguales pokemon cada vez hacen peor mario alreves cada vez mejor hoy d√≠a 40000 juegos gratis buenos pr√°cticamente nadie juegos exclusivos resumen mejor ir ponga mejores precios pc b√°sicamente si dinero pa pc xbox juegos 80 euros sony roba 20 directamente hacen gracia,0.0516
UC05m1jT_pGm-DJKlpXsBYkA,,"Jajaja, tal cual, vine a buscar este comentario. Se ve que el juego es tan malo, que ni estos medios pagados lo pueden defender üòÇ","Jajaja, tal cual, vine a buscar este comentario. Se ve que el juego es tan malo, que ni estos medios pagados lo pueden defender üòÇ",@Lionkyba,https://yt3.ggpht.com/FXAq8Ndz2Yk1IBBOq8nb0CDLkoWy9ucY_tbG3jBpJMNicLAJXhM4PSJ694jjwxFm_FPNbMhV_w=s48-c-k-c0x00ffffff-no-rj,http://www.youtube.com/@Lionkyba,{'value': 'UCME2Y_05-E2TmfsGgtZcjDw'},True,none,2,2023-05-25T16:53:48Z,2023-05-25T16:53:48Z,Ugwj88RzaZye6-wi3YZ4AaABAg,jajaja tal vine buscar comentario ve juego tan malo medios pagados pueden defender,0.1027
UC05m1jT_pGm-DJKlpXsBYkA,,Me sigue sorprendiendo que no vuelvan a sacar esos juegos y los de play one de Harry Potter. Muchos caer√≠amos üòÖ,Me sigue sorprendiendo que no vuelvan a sacar esos juegos y los de play one de Harry Potter. Muchos caer√≠amos üòÖ,@josem7366,https://yt3.ggpht.com/ytc/AIf8zZSk7PZv6JZZ4XZgDd9CuojDrv8kBnN7-QkWqryyTQ=s48-c-k-c0x00ffffff-no-rj,http://www.youtube.com/@josem7366,{'value': 'UCC7sd1yrrctIbzIU8doJzZA'},True,none,3,2023-05-25T12:20:52Z,2023-05-25T12:20:52Z,Ugzc0QY7Ww-gteOjFOJ4AaABAg,sigue sorprendiendo vuelvan sacar juegos play one harry potter caer√≠amos,0.34
UC05m1jT_pGm-DJKlpXsBYkA,,"@@juanbouza Ya se de que hablas, el de GBA de la tercera edad, buenardo el juego, lo deje por cosas de la escuela y responsabilidades xD, pero si, MUY recomendado.","@@juanbouza Ya se de que hablas, el de GBA de la tercera edad, buenardo el juego, lo deje por cosas de la escuela y responsabilidades xD, pero si, MUY recomendado.",@MAMsaki,https://yt3.ggpht.com/ytc/AIf8zZTiXNiY2C_syi-_YCU4wY-D4bXM--6Tyv1WmP7P=s48-c-k-c0x00ffffff-no-rj,http://www.youtube.com/@MAMsaki,{'value': 'UCxsD-hoagj5oepbGu151fqQ'},True,none,1,2023-05-25T15:38:26Z,2023-05-25T15:38:26Z,Ugzc0QY7Ww-gteOjFOJ4AaABAg,juanbouza hablas gba tercera edad buenardo juego deje cosas escuela responsabilidades xd si recomendado,0.5859
UC05m1jT_pGm-DJKlpXsBYkA,,En instant Gaming est√° a 27‚Ç¨ ya xD,En instant Gaming est√° a 27‚Ç¨ ya xD,@Redzzzx,https://yt3.ggpht.com/taD2281gBav8CCxR3vxIKP6Rfd8VtxVSrOfzyW5nYJafaWtbHtDlOGZl7NWJLE9QTM1J0lcj=s48-c-k-c0x00ffffff-no-rj,http://www.youtube.com/@Redzzzx,{'value': 'UCn89jPg_M9F6sat7RTFNCHg'},True,none,0,2023-05-25T12:52:32Z,2023-05-25T12:52:32Z,UgyiTky_HKd40mF_OiN4AaABAg,instant gaming 27 xd,0.5859
UC05m1jT_pGm-DJKlpXsBYkA,sfGLzac6QIs,Era necesario tirale mierda a la serie de Amazon para despreciar este juego?,Era necesario tirale mierda a la serie de Amazon para despreciar este juego?,@heymayisus7457,https://yt3.ggpht.com/ytc/AIf8zZSLkq9MpYUPY6trNYLCT7aEpcGMz3zbP-vDjnW68Q=s48-c-k-c0x00ffffff-no-rj,http://www.youtube.com/channel/UCmegozjcuGgS9fdJh7lsSRg,{'value': 'UCmegozjcuGgS9fdJh7lsSRg'},True,none,3,2023-05-25T11:34:44Z,2023-05-25T11:34:44Z,,necesario tirale mierda serie amazon despreciar juego,0.1779
UC05m1jT_pGm-DJKlpXsBYkA,,"Lo era, s√≠. La serie de Amazon es un desprop√≥sito üòÇ No es buena ni como serie independiente.","Lo era, s√≠. La serie de Amazon es un desprop√≥sito üòÇ No es buena ni como serie independiente.",@vidaentredosmundos_gz,https://yt3.ggpht.com/ytc/AIf8zZTTyt3lsNA0ujUQVWm41ZTNKmz69dpWZaq05JNsPw=s48-c-k-c0x00ffffff-no-rj,http://www.youtube.com/@vidaentredosmundos_gz,{'value': 'UCT2zqCsQuCIo84xNjJ8PkoA'},True,none,10,2023-05-25T11:37:51Z,2023-05-25T11:37:51Z,UgwMpF6hXNWwZwwhIRZ4AaABAg,serie amazon desprop√≥sito buena serie independiente,0.1779
UC05m1jT_pGm-DJKlpXsBYkA,,"@Llina Una serie con un aspecto visual (ambientaci√≥n, escenarios, vestuario, CGI...) y una banda sonora excelentes, una buena direcci√≥n y unos interesantes personajes y tramas est√° lejos de ser un desprop√≥sito. No es perfecta pero s√≠ me parece una buena serie con muchas m√°s luces que sombras.","@Llina Una serie con un aspecto visual (ambientaci√≥n, escenarios, vestuario, CGI...) y una banda sonora excelentes, una buena direcci√≥n y unos interesantes personajes y tramas est√° lejos de ser un desprop√≥sito. No es perfecta pero s√≠ me parece una buena serie con muchas m√°s luces que sombras.",@ramgargo9170,https://yt3.ggpht.com/ytc/AIf8zZQHhSyk0qvdeanCqrEXkRUMuxsrjVdngobrzg=s48-c-k-c0x00ffffff-no-rj,http://www.youtube.com/@ramgargo9170,{'value': 'UCf-f5ljgDWyORb27HfPNJlg'},True,none,3,2023-05-26T03:24:30Z,2023-05-26T03:24:54Z,UgwMpF6hXNWwZwwhIRZ4AaABAg,llina serie aspecto visual ambientaci√≥n escenarios vestuario cgi banda sonora excelentes buena direcci√≥n interesantes personajes tramas lejos ser desprop√≥sito perfecta parece buena serie muchas luces sombras,0.34
UC05m1jT_pGm-DJKlpXsBYkA,,"@Radel menos mal que hay quienes piensan como yo, el problema es que muchos que han llevado esta campa√±a de odio contra la serie, luego alaban productos que si que son peores, y cuyas adaptaciones no tienen nada que ver con el material original, pero ahi no hay quejasü§∑‚Äç‚ôÄÔ∏è","@Radel menos mal que hay quienes piensan como yo, el problema es que muchos que han llevado esta campa√±a de odio contra la serie, luego alaban productos que si que son peores, y cuyas adaptaciones no tienen nada que ver con el material original, pero ahi no hay quejasü§∑‚Äç‚ôÄÔ∏è",@heymayisus7457,https://yt3.ggpht.com/ytc/AIf8zZSLkq9MpYUPY6trNYLCT7aEpcGMz3zbP-vDjnW68Q=s48-c-k-c0x00ffffff-no-rj,http://www.youtube.com/@heymayisus7457,{'value': 'UCmegozjcuGgS9fdJh7lsSRg'},True,none,1,2023-05-27T06:02:40Z,2023-05-27T06:02:40Z,UgwMpF6hXNWwZwwhIRZ4AaABAg,radel menos mal piensan problema llevado campa√±a odio serie luego alaban productos si peores cuyas adaptaciones ver material original ahi quejas,0.3182
