textDisplay|vader_scores|vader_compound|vader_classification|classification_threshold|sentiment_intensity
"CÃ“MO Q 9.3??? YO LE PONDRÃA INFINITO/10 ESTO ES UNA OBRA MAESTra <a href=""https://www.youtube.com/watch?v=_ZF2rd1T5Bk&amp;t=10m49s"">10:49</a>"|{'neg': 0.0, 'neu': 1.0, 'pos': 0.0, 'compound': 0.0}|0.0|neutral|neutral|0.0
En mi opiniÃ³n decir que es el mejor juego de la historia de Spiderman,no es mojarse|{'neg': 0.0, 'neu': 1.0, 'pos': 0.0, 'compound': 0.0}|0.0|neutral|neutral|0.0
Lo de los aros cuando planeas eso se puede ocultar?|{'neg': 0.0, 'neu': 1.0, 'pos': 0.0, 'compound': 0.0}|0.0|neutral|neutral|0.0
&quot;AlaraÃ±as&quot; ay estos espaÃ±oles|{'neg': 0.0, 'neu': 1.0, 'pos': 0.0, 'compound': 0.0}|0.0|neutral|neutral|0.0
GOTY|{'neg': 0.0, 'neu': 1.0, 'pos': 0.0, 'compound': 0.0}|0.0|neutral|neutral|0.0
JODER MACHO CON EL TIPICO COMENTARIO DE &quot;NO BUSCA REINVENTAR NADA&quot; Â¿QUE NECESITAIS VOSOTROS?|{'neg': 0.0, 'neu': 1.0, 'pos': 0.0, 'compound': 0.0}|0.0|neutral|neutral|0.0
Pintaza, Imsomniac es un de los estudios del momento. Muchas ganas de ver quÃ© estÃ¡n preparando con Wolverine.|{'neg': 0.0, 'neu': 1.0, 'pos': 0.0, 'compound': 0.0}|0.0|neutral|neutral|0.0
deberian de encargarse de alguna saga de Iron Man|{'neg': 0.0, 'neu': 1.0, 'pos': 0.0, 'compound': 0.0}|0.0|neutral|neutral|0.0
ajjajaja son los mejores vendiendo su anitol, basuras vÃ¡ndalos|{'neg': 0.0, 'neu': 1.0, 'pos': 0.0, 'compound': 0.0}|0.0|neutral|neutral|0.0
Lo mismo de siempre, cagada de juego|{'neg': 0.0, 'neu': 1.0, 'pos': 0.0, 'compound': 0.0}|0.0|neutral|neutral|0.0
Chau. Starfield|{'neg': 0.0, 'neu': 1.0, 'pos': 0.0, 'compound': 0.0}|0.0|neutral|neutral|0.0
Resumen: Â¡Si vale la pena!|{'neg': 0.0, 'neu': 1.0, 'pos': 0.0, 'compound': 0.0}|0.0|neutral|neutral|0.0
Vamos a ver cÃ³mo Sony se las apaÃ±a para lo que se le viene con un solo juego|{'neg': 0.0, 'neu': 1.0, 'pos': 0.0, 'compound': 0.0}|0.0|neutral|neutral|0.0
Hubiera sido un juegazo con unreal 5|{'neg': 0.0, 'neu': 1.0, 'pos': 0.0, 'compound': 0.0}|0.0|neutral|neutral|0.0
Que buena pelicula :v|{'neg': 0.0, 'neu': 1.0, 'pos': 0.0, 'compound': 0.0}|0.0|neutral|neutral|0.0
Amo Zelda TOTK pero este Spiderman 2 pinta a GOTY.<br><br>RIP XBOX|{'neg': 0.0, 'neu': 1.0, 'pos': 0.0, 'compound': 0.0}|0.0|neutral|neutral|0.0
Prensa sonyer|{'neg': 0.0, 'neu': 1.0, 'pos': 0.0, 'compound': 0.0}|0.0|neutral|neutral|0.0
Que ganas de fumarme este juego|{'neg': 0.0, 'neu': 1.0, 'pos': 0.0, 'compound': 0.0}|0.0|neutral|neutral|0.0
Â¿QuÃ© coÃ±o son &quot;ezpis&quot; o algo asÃ­?|{'neg': 0.0, 'neu': 1.0, 'pos': 0.0, 'compound': 0.0}|0.0|neutral|neutral|0.0
Oww Se Ve Bonito|{'neg': 0.0, 'neu': 1.0, 'pos': 0.0, 'compound': 0.0}|0.0|neutral|neutral|0.0
Toda la prensa comprada.|{'neg': 0.0, 'neu': 1.0, 'pos': 0.0, 'compound': 0.0}|0.0|neutral|neutral|0.0
Habeis dicho lo de que es el mejor juego de superheroes de la historia?<br>La premisa de sony era la misma para videos y prensa escrita.<br><br>Animo que vienen las vacas flacas|{'neg': 0.0, 'neu': 1.0, 'pos': 0.0, 'compound': 0.0}|0.0|neutral|neutral|0.0
Bueno siendo coherente con el 5,8 de starfield,este es un 2,2.|{'neg': 0.0, 'neu': 1.0, 'pos': 0.0, 'compound': 0.0}|0.0|neutral|neutral|0.0
Entonces ya a salido?|{'neg': 0.0, 'neu': 1.0, 'pos': 0.0, 'compound': 0.0}|0.0|neutral|neutral|0.0
Peâ€¦.peâ€¦pero mil planetas yâ€¦yâ€¦ pantallas de carga|{'neg': 0.0, 'neu': 1.0, 'pos': 0.0, 'compound': 0.0}|0.0|neutral|neutral|0.0
En definitiva: GOTY 2023|{'neg': 0.0, 'neu': 1.0, 'pos': 0.0, 'compound': 0.0}|0.0|neutral|neutral|0.0
Haaaa me siento como en casa en esta canal hermanos .|{'neg': 0.0, 'neu': 1.0, 'pos': 0.0, 'compound': 0.0}|0.0|neutral|neutral|0.0
Goty?|{'neg': 0.0, 'neu': 1.0, 'pos': 0.0, 'compound': 0.0}|0.0|neutral|neutral|0.0
Nada pues goty|{'neg': 0.0, 'neu': 1.0, 'pos': 0.0, 'compound': 0.0}|0.0|neutral|neutral|0.0
Como me Kgan los tÃ­tulos donde ponen: Merece la pena?<br>Pf que pdnjos se ven jaja|{'neg': 0.0, 'neu': 1.0, 'pos': 0.0, 'compound': 0.0}|0.0|neutral|neutral|0.0
peleas intensas y desafiantes cuando en el gameplay nisiquiera lo tocan y tiene toda la vida llena JAJAJA|{'neg': 0.0, 'neu': 1.0, 'pos': 0.0, 'compound': 0.0}|0.0|neutral|neutral|0.0
Muy buen juego este nuevo Espiderman 2, aunque un poco continuista.|{'neg': 0.0, 'neu': 1.0, 'pos': 0.0, 'compound': 0.0}|0.0|neutral|neutral|0.0
Que lo saquen pa pc no?|{'neg': 0.0, 'neu': 1.0, 'pos': 0.0, 'compound': 0.0}|0.0|neutral|neutral|0.0
alchile es un 8 o 8.5|{'neg': 0.0, 'neu': 1.0, 'pos': 0.0, 'compound': 0.0}|0.0|neutral|neutral|0.0
"<a href=""https://www.youtube.com/watch?v=_ZF2rd1T5Bk&amp;t=6m38s"">6:38</a> vaya cachondeo, el bicho 30 segundos seguidos recibiendo golpes y el comunicador dice que son peleas intensas y desafiantes"|{'neg': 0.0, 'neu': 1.0, 'pos': 0.0, 'compound': 0.0}|0.0|neutral|neutral|0.0
Is that Spider-Man??? Or RAIDEN??|{'neg': 0.0, 'neu': 1.0, 'pos': 0.0, 'compound': 0.0}|0.0|neutral|neutral|0.0
Tremendos exagerados jkjajkhajkja|{'neg': 0.0, 'neu': 1.0, 'pos': 0.0, 'compound': 0.0}|0.0|neutral|neutral|0.0
ME DA VERGÃœENZA QUE PONGAN &quot;MERECE LA PENA&quot;? Que Falta De Respeto, EstÃ¡n De CoÃ±a?????|{'neg': 0.0, 'neu': 1.0, 'pos': 0.0, 'compound': 0.0}|0.0|neutral|neutral|0.0
Le estÃ¡n dando unas notas increÃ­bles de todas partes, a disfrutar de este juegazo gente!! Y ni caso a lo que digan los tÃ³xicos de siempre|{'neg': 0.0, 'neu': 1.0, 'pos': 0.0, 'compound': 0.0}|0.0|neutral|neutral|0.0
Comenta si tienes ps4 y tienes confianza en que salga para ps4|{'neg': 0.0, 'neu': 1.0, 'pos': 0.0, 'compound': 0.0}|0.0|neutral|neutral|0.0
NO.|{'neg': 0.0, 'neu': 1.0, 'pos': 0.0, 'compound': 0.0}|0.0|neutral|neutral|0.0
Alguien reservo el juego el game?|{'neg': 0.0, 'neu': 1.0, 'pos': 0.0, 'compound': 0.0}|0.0|neutral|neutral|0.0
Vandal tengo una pregunta, se ve peor en el video o es q el juego se ve asi ( me refiero a los grÃ¡ficos ) es q tengo el miedo de q se vea mal|{'neg': 0.0, 'neu': 1.0, 'pos': 0.0, 'compound': 0.0}|0.0|neutral|neutral|0.0
Ni compras ni flautas, aquÃ­ estÃ¡ el espÃ­ritu de los videojuegos, los que pueden disfrutar de  juegos como Ã©ste son los que ganan.|{'neg': 0.0, 'neu': 1.0, 'pos': 0.0, 'compound': 0.0}|0.0|neutral|neutral|0.0
Pueden hacer tambien la reseÃ±a del juego pero para PS4?|{'neg': 0.0, 'neu': 1.0, 'pos': 0.0, 'compound': 0.0}|0.0|neutral|neutral|0.0
Un triple a que otra vez juega sobre seguro, un sistema de sigilo facil y obsoleto y misiones secundarias, nuevamente, repetitivas y obsoletas. Resultado, demosle un 93, la prensa cuando sale un juego de sony le importa un bledo las cosas negativas JAJA|{'neg': 0.0, 'neu': 1.0, 'pos': 0.0, 'compound': 0.0}|0.0|neutral|neutral|0.0
En serio hay alguien que se cree la nota a esta altura? Era sabido que lo sobrevalorarian como hacen con todos los exclusivos de Sony.|{'neg': 0.0, 'neu': 1.0, 'pos': 0.0, 'compound': 0.0}|0.0|neutral|neutral|0.0
Considero a el Â¿MERECE la PENA? en el TÃ­tulo como algo retÃ³rico, una pregunta a ese estilo. SÃ­, debe ser eso... efectivamente|{'neg': 0.0, 'neu': 1.0, 'pos': 0.0, 'compound': 0.0}|0.0|neutral|neutral|0.0
â€¼ï¸â€¼ï¸Se viene la chupadera de pitÃ³ a papi geystation â€¼ï¸â€¼ï¸|{'neg': 0.0, 'neu': 1.0, 'pos': 0.0, 'compound': 0.0}|0.0|neutral|neutral|0.0
JAJAJAJA literal dijeron nos da igual que sea identico a los otros dos juegos, mientras que de starfiel dijeron que repetÃ­a lo mismo de skyrim y por ello lo hacÃ­a monÃ³tono y repetitivo, asÃ­ o mÃ¡s comprados?|{'neg': 0.0, 'neu': 1.0, 'pos': 0.0, 'compound': 0.0}|0.0|neutral|neutral|0.0
Juego meco de 11 horas|{'neg': 0.0, 'neu': 1.0, 'pos': 0.0, 'compound': 0.0}|0.0|neutral|neutral|0.0
Se viene el GOTY 23â€™|{'neg': 0.0, 'neu': 1.0, 'pos': 0.0, 'compound': 0.0}|0.0|neutral|neutral|0.0
Se puede stremear ya el juego?|{'neg': 0.0, 'neu': 1.0, 'pos': 0.0, 'compound': 0.0}|0.0|neutral|neutral|0.0
Deci algo mas de Venom. Para eso vinimos.|{'neg': 0.0, 'neu': 1.0, 'pos': 0.0, 'compound': 0.0}|0.0|neutral|neutral|0.0
GOTY|{'neg': 0.0, 'neu': 1.0, 'pos': 0.0, 'compound': 0.0}|0.0|neutral|neutral|0.0
Ã‰pico|{'neg': 0.0, 'neu': 1.0, 'pos': 0.0, 'compound': 0.0}|0.0|neutral|neutral|0.0
gran reseÃ±a|{'neg': 0.0, 'neu': 1.0, 'pos': 0.0, 'compound': 0.0}|0.0|neutral|neutral|0.0
Hay mÃ¡s enemigos aparte de los enemigos de kraven porque noto que estamos chetaisimos|{'neg': 0.0, 'neu': 1.0, 'pos': 0.0, 'compound': 0.0}|0.0|neutral|neutral|0.0
Los que decian que totk era un dlc donde estan? Un 9.3 le ponen vaya fandom de pagina.|{'neg': 0.0, 'neu': 1.0, 'pos': 0.0, 'compound': 0.0}|0.0|neutral|neutral|0.0
Esta de mÃ¡s ese tÃ­tulo...|{'neg': 0.0, 'neu': 1.0, 'pos': 0.0, 'compound': 0.0}|0.0|neutral|neutral|0.0
TirÃ¡ndole flores a Sony Vandal ğŸ’©ğŸ’©ğŸ’©|{'neg': 0.0, 'neu': 1.0, 'pos': 0.0, 'compound': 0.0}|0.0|neutral|neutral|0.0
Me gusta Spiderman pero el cinismo de esta gente es bestial, casi me ofende. <br>Seamos sinceros sigue siendo Spiderman puedo ver con claridad que algo raro pasa y me ofende que subestimen mi inteligencia.|{'neg': 0.0, 'neu': 1.0, 'pos': 0.0, 'compound': 0.0}|0.0|neutral|neutral|0.0
SpiderGotyMan 2|{'neg': 0.0, 'neu': 1.0, 'pos': 0.0, 'compound': 0.0}|0.0|neutral|neutral|0.0
Si lo compro en la playstation store ya deja jugar?|{'neg': 0.0, 'neu': 1.0, 'pos': 0.0, 'compound': 0.0}|0.0|neutral|neutral|0.0
BUAHHH los grÃ¡ficos me decepcionaron, se ven casi igual que en ps4|{'neg': 0.0, 'neu': 1.0, 'pos': 0.0, 'compound': 0.0}|0.0|neutral|neutral|0.0
IncreÃ­ble lo que argumenta de los bosses mientras enseÃ±a un combate en el que el boss solo se dedica a recibir golpes XD.|{'neg': 0.0, 'neu': 1.0, 'pos': 0.0, 'compound': 0.0}|0.0|neutral|neutral|0.0
Es una broma no????????|{'neg': 0.0, 'neu': 1.0, 'pos': 0.0, 'compound': 0.0}|0.0|neutral|neutral|0.0
"<a href=""https://www.youtube.com/watch?v=_ZF2rd1T5Bk&amp;t=6m40s"">6:40</a> Lo que dices se contradice con lo que aparece en pantalla. Esa pelea contra el lagarto se ve pesima, nisiquiera ataca devuelta."|{'neg': 0.0, 'neu': 1.0, 'pos': 0.0, 'compound': 0.0}|0.0|neutral|neutral|0.0
Los gamers estamos de enhorabuena que nunca nos falten obras maestras como este juego|{'neg': 0.0, 'neu': 1.0, 'pos': 0.0, 'compound': 0.0}|0.0|neutral|neutral|0.0
La verdad tiene mas pinta de DLC que de juego completo.. yo veo lo mismo de siempre|{'neg': 0.0, 'neu': 1.0, 'pos': 0.0, 'compound': 0.0}|0.0|neutral|neutral|0.0
Lo Ãºnico del anÃ¡lisis es lo dr las misiones secundarias, todos, absolutamente todos los juegos se repiten, unos mÃ¡s que otros obviamente pero en ragnarok lo Ãºnico que diferenciaba las misiones secundarias en la narrativa de resto es igual ir del punto a al b y combatir, pero en algunos juegos los que hacen el anÃ¡lisis en todos estos canales se victimizan de las misiones secundarias|{'neg': 0.0, 'neu': 1.0, 'pos': 0.0, 'compound': 0.0}|0.0|neutral|neutral|0.0
lastima que juego en pc, pero espero que saquen pronto la version para pc, porque la ps5 esta mas cara que el pingo|{'neg': 0.0, 'neu': 1.0, 'pos': 0.0, 'compound': 0.0}|0.0|neutral|neutral|0.0
OjalÃ¡ en un futuro hagan un DLC o un tÃ­tulo para Spider Gwen. Pedir ya un Spider Verse serÃ­a demasiado.|{'neg': 0.0, 'neu': 1.0, 'pos': 0.0, 'compound': 0.0}|0.0|neutral|neutral|0.0
Pero si es el mismo juego tercera parte??? Con otra historia claro, faltarÃ­a mÃ¡s jajajajajajajja, te tienes que reÃ­r con la panda del moco esta, donde siempre lo tenÃ©is ğŸ’µğŸ’µğŸ’µğŸ’µğŸ’µğŸ’µğŸ’µğŸ’µğŸ’µğŸ’µğŸ’µğŸ’µğŸ’µğŸ’µğŸ’µğŸ’µğŸ’µğŸ’µğŸ’µğŸ’µ|{'neg': 0.0, 'neu': 1.0, 'pos': 0.0, 'compound': 0.0}|0.0|neutral|neutral|0.0
Lo veo muy muy similar al primer Spiderman con otras mecanicas,pero me da igual porque el primero era y sigue siendo bestial y eso ya es mucho para disfrutar con la siguiente aventura.|{'neg': 0.0, 'neu': 1.0, 'pos': 0.0, 'compound': 0.0}|0.0|neutral|neutral|0.0
repito de nuevo,  EL SIMBIONTEN VENOM  ES BUENO REPITO|{'neg': 0.0, 'neu': 1.0, 'pos': 0.0, 'compound': 0.0}|0.0|neutral|neutral|0.0
Dice que si vale la pena <br>La pregunta ofende Vandal|{'neg': 0.0, 'neu': 1.0, 'pos': 0.0, 'compound': 0.0}|0.0|neutral|neutral|0.0
Amigo llevaba aÃ±os esperando algÃºn youtuber nuevo que haga los videos con la calidad y dedicaciÃ³n que le pones 10/10 amigo  ğŸ’¯|{'neg': 0.0, 'neu': 1.0, 'pos': 0.0, 'compound': 0.0}|0.0|neutral|neutral|0.0
Ol|{'neg': 0.0, 'neu': 1.0, 'pos': 0.0, 'compound': 0.0}|0.0|neutral|neutral|0.0
Una pregunta si compro la version Deluxe en una cuenta y juego al spiderman en otra podre usar lo que le da la version deluxe en otra cuenta?|{'neg': 0.0, 'neu': 1.0, 'pos': 0.0, 'compound': 0.0}|0.0|neutral|neutral|0.0
Me encante el juegue|{'neg': 0.0, 'neu': 1.0, 'pos': 0.0, 'compound': 0.0}|0.0|neutral|neutral|0.0
Que lastima lo del sigilo... yo esperaba que la mejoren al estilo arkham, es el punto flojo de la jugabilidad|{'neg': 0.0, 'neu': 1.0, 'pos': 0.0, 'compound': 0.0}|0.0|neutral|neutral|0.0
Juego para gays|{'neg': 0.0, 'neu': 1.0, 'pos': 0.0, 'compound': 0.0}|0.0|neutral|neutral|0.0
SeÃ±ore es un juegazo si el primero te gustÃ³ este te va mmar|{'neg': 0.0, 'neu': 1.0, 'pos': 0.0, 'compound': 0.0}|0.0|neutral|neutral|0.0
Merece la pena si quieres ver una gran cantidad de bugs|{'neg': 0.0, 'neu': 1.0, 'pos': 0.0, 'compound': 0.0}|0.0|neutral|neutral|0.0
hola|{'neg': 0.0, 'neu': 1.0, 'pos': 0.0, 'compound': 0.0}|0.0|neutral|neutral|0.0
Insomniac estÃ¡ que se sale. Aprende ubisoft.|{'neg': 0.0, 'neu': 1.0, 'pos': 0.0, 'compound': 0.0}|0.0|neutral|neutral|0.0
Flojete|{'neg': 0.0, 'neu': 1.0, 'pos': 0.0, 'compound': 0.0}|0.0|neutral|neutral|0.0
Como carajo tiene menos nota que Mario Wonder|{'neg': 0.0, 'neu': 1.0, 'pos': 0.0, 'compound': 0.0}|0.0|neutral|neutral|0.0
tremendo pelijuego|{'neg': 0.0, 'neu': 1.0, 'pos': 0.0, 'compound': 0.0}|0.0|neutral|neutral|0.0
La moda absurda de hoy en dÃ­a (que cada vez que se dice sale sida) de decir spaiderman en lugar de Spiderman|{'neg': 0.0, 'neu': 1.0, 'pos': 0.0, 'compound': 0.0}|0.0|neutral|neutral|0.0
Grandes blanqueando los juegos de mierda x dinero|{'neg': 0.0, 'neu': 1.0, 'pos': 0.0, 'compound': 0.0}|0.0|neutral|neutral|0.0
Pregunta se puede cambiar el traje negro al rojo como en Spiderman web of shadow o si o si tenes que entrar a trajes y cambiarlo manualmente|{'neg': 0.0, 'neu': 1.0, 'pos': 0.0, 'compound': 0.0}|0.0|neutral|neutral|0.0
Nota merecida|{'neg': 0.0, 'neu': 1.0, 'pos': 0.0, 'compound': 0.0}|0.0|neutral|neutral|0.0
SÃ­ que merece la pena lo malo es que Insomniac tiene una fea costumbre, os la dirÃ© y verÃ©is como en todos sus juegos pasa lo mismo:<br>Buenos grÃ¡ficos, buena jugabilidad pero para jugar toma, cÃ³mete este tutorial, esta cinemÃ¡tica, esta misiÃ³n que tienes que hacer sÃ­ o sÃ­ dos veces y cuando acabes de postre tienes dos misiones repetitivas que duran mÃ¡s de lo que deberÃ­an|{'neg': 0.0, 'neu': 1.0, 'pos': 0.0, 'compound': 0.0}|0.0|neutral|neutral|0.0
Â¿CuÃ¡ndo vÃ¡is a hacer el vÃ­deo &quot;30 bugs divertidos de Spiderman 2 (segundo DLC)&quot;? Los bugs que tiene os da para una serie completa, pero un vÃ­deo creo que es suficiente.|{'neg': 0.0, 'neu': 1.0, 'pos': 0.0, 'compound': 0.0}|0.0|neutral|neutral|0.0
Cuando vais a hacer los 30 detalles del nuevo Spiderman???? <br>Tengo muchas ganas|{'neg': 0.0, 'neu': 1.0, 'pos': 0.0, 'compound': 0.0}|0.0|neutral|neutral|0.0
Me gusto la parte donde seÃ±ala a le doctore XD.|{'neg': 0.0, 'neu': 1.0, 'pos': 0.0, 'compound': 0.0}|0.0|neutral|neutral|0.0
los bugs estÃ¡n divertidÃ­simos, pero hubieran retrasado el lanzamiento para pulir esos detalles, una lÃ¡stima.|{'neg': 0.0, 'neu': 1.0, 'pos': 0.0, 'compound': 0.0}|0.0|neutral|neutral|0.0
Hoy dÃ­a hacen los juegos para tontos que pintan todas esas grÃºas en la bahÃ­a de manthatan recuerdo lo difÃ­cil que era llegar en el 2 de ps2 a la estatua de la libertad y hoy dÃ­a te lo Dan todo mascado|{'neg': 0.0, 'neu': 1.0, 'pos': 0.0, 'compound': 0.0}|0.0|neutral|neutral|0.0
Nocedicepizzataguercedicepizzatower|{'neg': 0.0, 'neu': 1.0, 'pos': 0.0, 'compound': 0.0}|0.0|neutral|neutral|0.0
que mal que tenga el lenguaje exclusivo pero nada que hacerle voy a tener que jugarlo|{'neg': 0.0, 'neu': 1.0, 'pos': 0.0, 'compound': 0.0}|0.0|neutral|neutral|0.0
el calvo esta echando espuma por la boca jajajajaja|{'neg': 0.0, 'neu': 1.0, 'pos': 0.0, 'compound': 0.0}|0.0|neutral|neutral|0.0
excelente analisis pongame 2 juegos para llevar mi buen hombre|{'neg': 0.0, 'neu': 1.0, 'pos': 0.0, 'compound': 0.0}|0.0|neutral|neutral|0.0
Spiderbug2<br>El inclusive dlc pelijuego de 7 horas q corre a 40 fps para todos aquellos q exigen jugar solo nextgen a 80 napos|{'neg': 0.0, 'neu': 1.0, 'pos': 0.0, 'compound': 0.0}|0.0|neutral|neutral|0.0
Todo bien le periodistes?|{'neg': 0.0, 'neu': 1.0, 'pos': 0.0, 'compound': 0.0}|0.0|neutral|neutral|0.0
"DespuÃ©s de ver el ultimo video de SQUADRON 42, me da la sensaciÃ³n que Spiderman 2 tiene unos grÃ¡ficos cutres y obsoletos.<br>Â¿Y a esto le llaman nueva generaciÃ³n?.....jejeje"|{'neg': 0.0, 'neu': 1.0, 'pos': 0.0, 'compound': 0.0}|0.0|neutral|neutral|0.0
Pobre spiderman sony esta arruinando al personaje|{'neg': 0.0, 'neu': 1.0, 'pos': 0.0, 'compound': 0.0}|0.0|neutral|neutral|0.0
El viernes me lanzo a la tienda por spiderman 2!!!!!|{'neg': 0.0, 'neu': 1.0, 'pos': 0.0, 'compound': 0.0}|0.0|neutral|neutral|0.0
miles Morales 2|{'neg': 0.0, 'neu': 1.0, 'pos': 0.0, 'compound': 0.0}|0.0|neutral|neutral|0.0
Un juego buenÃ­simo par los incondicionales del trepamuros.|{'neg': 0.0, 'neu': 1.0, 'pos': 0.0, 'compound': 0.0}|0.0|neutral|neutral|0.0
Ya lo temeinÃ© y es un juegazo, completamente|{'neg': 0.0, 'neu': 1.0, 'pos': 0.0, 'compound': 0.0}|0.0|neutral|neutral|0.0
El que juega es manquisimo Â¿como es eso posible?|{'neg': 0.0, 'neu': 1.0, 'pos': 0.0, 'compound': 0.0}|0.0|neutral|neutral|0.0
Spiderman 2 ğŸ‘ğŸ¼|{'neg': 0.0, 'neu': 1.0, 'pos': 0.0, 'compound': 0.0}|0.0|neutral|neutral|0.0
Faltan los 30 detalles|{'neg': 0.0, 'neu': 1.0, 'pos': 0.0, 'compound': 0.0}|0.0|neutral|neutral|0.0
"<a href=""https://www.youtube.com/watch?v=_ZF2rd1T5Bk&amp;t=10m44s"">10:44</a> ğŸ˜®"|{'neg': 0.0, 'neu': 1.0, 'pos': 0.0, 'compound': 0.0}|0.0|neutral|neutral|0.0
Vaya la noticia es que miles morales serÃ¡ el spiderman del futuro. Un n e g ro como protagonista? Q raro... si al final disney todos serÃ¡n de color...|{'neg': 0.0, 'neu': 1.0, 'pos': 0.0, 'compound': 0.0}|0.0|neutral|neutral|0.0
<b>15 HORAS????????? JAJAJAJAJA</b>|{'neg': 0.0, 'neu': 1.0, 'pos': 0.0, 'compound': 0.0}|0.0|neutral|neutral|0.0
CÃ³mo es que tÃº ya lo puedes jugar ?|{'neg': 0.0, 'neu': 1.0, 'pos': 0.0, 'compound': 0.0}|0.0|neutral|neutral|0.0
&quot;El mejore videojuege de sÃºpere hÃ©roes&quot; <br><br>es una mierda el juego|{'neg': 0.0, 'neu': 1.0, 'pos': 0.0, 'compound': 0.0}|0.0|neutral|neutral|0.0
esparare un par de meses a que baje a mitad de precio|{'neg': 0.0, 'neu': 1.0, 'pos': 0.0, 'compound': 0.0}|0.0|neutral|neutral|0.0
"<a href=""https://www.youtube.com/watch?v=_ZF2rd1T5Bk&amp;t=9m54s"">9:54</a> Parece que a los medios les indicaron que mencionaras que este juego era &quot;El mejor juego de superheroes&quot; es demasiada coincidencia que muchos medios mencionen esta frase en sus reseÃ±as"|{'neg': 0.0, 'neu': 1.0, 'pos': 0.0, 'compound': 0.0}|0.0|neutral|neutral|0.0
O la la|{'neg': 0.0, 'neu': 1.0, 'pos': 0.0, 'compound': 0.0}|0.0|neutral|neutral|0.0
NO mas misiones con mary jane ğŸ˜‚.  Gracias|{'neg': 0.274, 'neu': 0.51, 'pos': 0.216, 'compound': -0.0085}|-0.0085|negativo|neutral|0.0085
creo que al fan de xbox no le va a gustar este video|{'neg': 0.142, 'neu': 0.71, 'pos': 0.148, 'compound': 0.0258}|0.0258|neutral|neutral|0.0258
No he jugado Spiderman desde Web of Shadows de XBOX 360, pero si este estÃ¡ en PS4 igual y le doy una oportunidad. Cool.|{'neg': 0.083, 'neu': 0.83, 'pos': 0.087, 'compound': 0.0258}|0.0258|neutral|neutral|0.0258
Tengo la play pero no el juego :&#39;&#39;V|{'neg': 0.208, 'neu': 0.566, 'pos': 0.226, 'compound': 0.0516}|0.0516|neutral|neutral|0.0516
Me hace gracia esta gente, que dicen que es continuista... normal que quieres que sea un shooter? ParecÃ©is retrasados en vandal y los haters de xboxğŸ˜‚, luego al zelda que era mega continuista le poneis 10, ainsss.|{'neg': 0.106, 'neu': 0.814, 'pos': 0.079, 'compound': -0.0772}|-0.0772|negativo|neutral|0.0772
Â¿Era necesario dejar tanto tiempo la persecucion de Black cat?. Me hiciste ahÃ­ tremendo SPOILER. ğŸ˜… Bueno, al menos no fue tanto SPOILER comparado a otros medios quÃ© empiezan CON 3D..... Que apenas vi 3 minutos y adiÃ³s. Jaja|{'neg': 0.049, 'neu': 0.895, 'pos': 0.056, 'compound': 0.0772}|0.0772|neutral|neutral|0.0772
Bueno en mi opiniÃ³n en el primer juego si me aburrieron esas misiones secundarias dÃ³nde debes encontrar varias cosas como las mochilas y atrapar las palomas y este juego es un meh ya que regresa eso solo que atrapando robots ahora|{'neg': 0.031, 'neu': 0.969, 'pos': 0.0, 'compound': -0.0772}|-0.0772|negativo|neutral|0.0772
Soy usuario de Nintendo y Xbox pero soy tambiÃ©n fan de Spiderman desde pequeÃ±o, jugue el 1 en pc, aunque lo de meterle lengueje inclusivo manda pelotas, ridÃ­culo a mas no poder aun asi disfrutadlo mucho! Ya era hora de que metieran a Venom.|{'neg': 0.047, 'neu': 0.898, 'pos': 0.055, 'compound': 0.1007}|0.1007|neutral|neutral|0.1007
Tiene lenguaje inclusivo en espaÃ±ol? Genial, entonces no pienso comprarlo por bueno que digan que es.|{'neg': 0.116, 'neu': 0.737, 'pos': 0.147, 'compound': 0.1531}|0.1531|neutral|neutral|0.1531
Hack &amp; slash generico,simplon,corto y woke hasta el vomito.<br>Todo lo que puede dar sony hasta dentro de dos aÃ±os...<br>Calamidad total.|{'neg': 0.1, 'neu': 0.9, 'pos': 0.0, 'compound': -0.2732}|-0.2732|negativo|neutral|0.2732
Al fin un combatiente digno para pelear para el goty contra zelda god|{'neg': 0.0, 'neu': 0.851, 'pos': 0.149, 'compound': 0.2732}|0.2732|neutral|positivo|0.2732
Dicen que el juego no tiene para jugar nueva partida y tiene muchos bugs|{'neg': 0.145, 'neu': 0.855, 'pos': 0.0, 'compound': -0.296}|-0.296|negativo|neutral|0.296
No se porque a muchos les molesta que Miles haya sido el MVP del juego, esta siguiendo los pasos de su mentor y tiene mas potencial que el.|{'neg': 0.075, 'neu': 0.925, 'pos': 0.0, 'compound': -0.296}|-0.296|negativo|neutral|0.296
Le doctore Young? no tengo mas que decir asco woke|{'neg': 0.196, 'neu': 0.804, 'pos': 0.0, 'compound': -0.296}|-0.296|negativo|neutral|0.296
no veas como se nota que es de nueva generacion MENOS MAlllllllllllllllllllllllll por dios|{'neg': 0.145, 'neu': 0.855, 'pos': 0.0, 'compound': -0.296}|-0.296|negativo|neutral|0.296
Juegazo, no veo las horas de poder jugarlo. Saludos cordiales desde Argentina.|{'neg': 0.167, 'neu': 0.833, 'pos': 0.0, 'compound': -0.296}|-0.296|negativo|neutral|0.296
Primer dia de reseÃ±as y ya tiene mas de 100 reseÃ±as distintas en metacritic, cuando un estudio confia en su videojuego se nota, no como bethesta que le da las copias de reseÃ±a nomas a 20 paginas para que tenga nota alta de salida|{'neg': 0.049, 'neu': 0.951, 'pos': 0.0, 'compound': -0.296}|-0.296|negativo|neutral|0.296
Una verguenza parece un dlc no mas|{'neg': 0.268, 'neu': 0.732, 'pos': 0.0, 'compound': -0.296}|-0.296|negativo|neutral|0.296
Ya no hacen los 30 detalles alucinantes?|{'neg': 0.268, 'neu': 0.732, 'pos': 0.0, 'compound': -0.296}|-0.296|negativo|neutral|0.296
Jajajaja es increible la cantidad de ardor que hay entre los xboxers, no importa que tengan a bethesda y Activision, siempre tienen envidia de lo que hay en las demas consolas|{'neg': 0.068, 'neu': 0.932, 'pos': 0.0, 'compound': -0.296}|-0.296|negativo|neutral|0.296
juegazo, no me interesaba conseguirlo, pero ahora viÃ©ndolo creo que en navidad me comprarÃ© este y el sonic superstars, probÃ© el mario wonder y se me hizo aburridÃ­simo|{'neg': 0.075, 'neu': 0.925, 'pos': 0.0, 'compound': -0.296}|-0.296|negativo|neutral|0.296
QuerÃ­a preguntar. El modo de dificultad mas bajo como es? VerÃ©is es para una persona con problemas de salud, que no puede jugar una dificultad estandar. SerÃ­a una gran ilusiÃ³n que pudiera balancearse con Spiderman|{'neg': 0.061, 'neu': 0.939, 'pos': 0.0, 'compound': -0.296}|-0.296|negativo|neutral|0.296
joder macho, que lastima lo del Bubniak, ver a ese Peter tan bien hecho en esta historia hubiese sido increÃ­ble.. jamas sentÃ­ tanta empatia con un peter parker, este niÃ±o.. no identifica con nada|{'neg': 0.062, 'neu': 0.937, 'pos': 0.0, 'compound': -0.296}|-0.296|negativo|neutral|0.296
te hacen una carga invisble que es ponerte la pantalla en negro...pero eh, si lo hace starfield mal como se os ve el plumero piperos. Peleas desafiantes....que no se trata de repetir un patron y se ve a spiderman-simbionte dando el mismo combo de puÃ±etazos contra el lagarto, una y otra vez....No nos engaÃ±emos es un buen juego.Pero siendo el mismo juego que el anterior eso deberia restar puntos. Luego nos quejamos de que son iguales los Assasin creed, los Fifa...|{'neg': 0.027, 'neu': 0.973, 'pos': 0.0, 'compound': -0.296}|-0.296|negativo|neutral|0.296
Sabes si este tiene tiempo dinÃ¡mico? O es como el primero que no pasaba el tiempo|{'neg': 0.128, 'neu': 0.872, 'pos': 0.0, 'compound': -0.296}|-0.296|negativo|neutral|0.296
Esto es un DLC que no nos engaÃ±en, que nos digan la verdad|{'neg': 0.155, 'neu': 0.845, 'pos': 0.0, 'compound': -0.296}|-0.296|negativo|neutral|0.296
A ver gente es una secuela, obviamente no van a innovar, como es el segundo juego pues a mÃ­ me parece bien ya que el primero es un juegazo. Eso si, una nueva entrega ya tendrÃ­a que ser mucho mÃ¡s revolucionaria para que merezca la pena|{'neg': 0.047, 'neu': 0.953, 'pos': 0.0, 'compound': -0.296}|-0.296|negativo|neutral|0.296
Esto no vale 80â‚¬ lo siento...como mucho 50â‚¬|{'neg': 0.239, 'neu': 0.761, 'pos': 0.0, 'compound': -0.296}|-0.296|negativo|neutral|0.296
Rayos, sinceramente pensÃ© que en duraciÃ³n iba a ser lo doble del primer juego, no de 17 a 25 horas|{'neg': 0.104, 'neu': 0.896, 'pos': 0.0, 'compound': -0.296}|-0.296|negativo|neutral|0.296
Carlos analiza los mejores juegos de la revista, no falla. Pinta a Goty.|{'neg': 0.155, 'neu': 0.845, 'pos': 0.0, 'compound': -0.296}|-0.296|negativo|neutral|0.296
Nmms vandal todavÃ­a no sale y ya estÃ¡s haciendo vtalv|{'neg': 0.196, 'neu': 0.804, 'pos': 0.0, 'compound': -0.296}|-0.296|negativo|neutral|0.296
Harry es venom y alfinal no matais a golpes entre peter y miles pero es una cinematica de 5 minutos para pedirte que pulse alfinal l2 y cuadrado y tu tienes el poder del antivenom igual que venom pero en blanco vamos|{'neg': 0.051, 'neu': 0.949, 'pos': 0.0, 'compound': -0.296}|-0.296|negativo|neutral|0.296
Yo espero que el sentido arÃ¡cnido respeten que cuando te toque enfrentarte a venon que peter Parker no detecte a venon mientras que miles molares sÃ­ ya que recordemos que peter Parker al tener el primero el simbionte, el simbionte aprende a anular el sentido arÃ¡cnido de peter al menos en los comics y dibujos animados de Spiderman|{'neg': 0.037, 'neu': 0.963, 'pos': 0.0, 'compound': -0.296}|-0.296|negativo|neutral|0.296
"<a href=""https://www.youtube.com/watch?v=_ZF2rd1T5Bk&amp;t=6m40s"">6:40</a> Si habÃ©is querido ejemplificar en imÃ¡genes lo que estÃ¡is diciendo, no habÃ©is podido coger imÃ¡genes mas desacertadas....<br>DecÃ­s una cosa, y mostrÃ¡is completamente lo opuesto."|{'neg': 0.081, 'neu': 0.919, 'pos': 0.0, 'compound': -0.296}|-0.296|negativo|neutral|0.296
piter Parker traje black  hizo mini trastradores  4 i le inyecta en el traje de miles morales   para salvarlo y uno a gata black felicia  q hizo portales  es ella inteligente  usa inteligencia arficial y creo  portales y  park er le instalÃ³ mini  rastrador y uno a Mery ye  para cuidarla saber  y uno al dr lagarto q es su amigo y le puso rastrador  lla q este le  enseÃ±Ã³ esto y es Antagonista   sal va a Parker le cono ce su pensamiento cuando venon y cazador van a matarlo lagarto le da colazo  sal va a Parker y lagarto recuerda q le salbo  de duende q le matase con tÃ³xico y ele tricidad piter le salbo por eso lagarto pasa  jugando con piter Parker  black  no le mata son los protagonistas  6000% calidad fresca aki en 2024 la difru to mÃ¡s cÃ¡lida  fresca|{'neg': 0.015, 'neu': 0.985, 'pos': 0.0, 'compound': -0.296}|-0.296|negativo|neutral|0.296
Pero bueno no os olvidÃ©is que Activision es ahora propiedad de Microsoft jeje|{'neg': 0.155, 'neu': 0.845, 'pos': 0.0, 'compound': -0.296}|-0.296|negativo|neutral|0.296
No me mola... muy plasticada...|{'neg': 0.355, 'neu': 0.645, 'pos': 0.0, 'compound': -0.296}|-0.296|negativo|neutral|0.296
si se dan cuenta este video es full 1nutil , no aporta nada y solo habla de cosas obvias jaja lo vemos por las ansias que tenemos|{'neg': 0.078, 'neu': 0.922, 'pos': 0.0, 'compound': -0.296}|-0.296|negativo|neutral|0.296
Y yo que no me he terminado ninguno porque se me hace repetitivo|{'neg': 0.155, 'neu': 0.845, 'pos': 0.0, 'compound': -0.296}|-0.296|negativo|neutral|0.296
Pero como no va a merecer la pena|{'neg': 0.239, 'neu': 0.761, 'pos': 0.0, 'compound': -0.296}|-0.296|negativo|neutral|0.296
No se si soy yo pero mucho HUD, pero es comprensible por las nuevas mecanicas de juego pero se siento como si me fuera a perder|{'neg': 0.081, 'neu': 0.919, 'pos': 0.0, 'compound': -0.296}|-0.296|negativo|neutral|0.296
"Que gracioso como alaban a repetitividad en este juego mientras a otros lo tunden por eso.  <a href=""https://www.youtube.com/watch?v=_ZF2rd1T5Bk&amp;t=6m38s"">6:38</a> &quot;El plato fuerte del juego son los jefes, con combates intensos y desafieantes donde nos obligan a usar el entorno a nuestro favor&quot; ???? Ni siquiera se moviÃ³ del sitio se quedÃ³ en el mismo lugar pulsando un botÃ³n sin sufrir daÃ±o o estaba en modo fÃ¡cil? ğŸ˜‚"|{'neg': 0.07, 'neu': 0.843, 'pos': 0.086, 'compound': 0.3094}|0.3094|neutral|positivo|0.3094
Pero que le pasa a esta pÃ¡gina, a leguas se ve que es un juego casi perfecto el primer y real nex gen y le pone esa nota.|{'neg': 0.0, 'neu': 0.922, 'pos': 0.078, 'compound': 0.3182}|0.3182|neutral|positivo|0.3182
Soy yo o se ve peor que Ã©l miles morales y el original|{'neg': 0.0, 'neu': 0.839, 'pos': 0.161, 'compound': 0.3182}|0.3182|neutral|positivo|0.3182
25 horas para platinarlo ğŸ˜•|{'neg': 0.315, 'neu': 0.685, 'pos': 0.0, 'compound': -0.3182}|-0.3182|negativo|neutral|0.3182
Por juegos asi es que play station esta donde esta|{'neg': 0.0, 'neu': 0.789, 'pos': 0.211, 'compound': 0.34}|0.34|neutral|positivo|0.34
BASURA DE JUEGO PLAY STATION ESTA MUERTA Y USTEDES LO SABEIS|{'neg': 0.0, 'neu': 0.806, 'pos': 0.194, 'compound': 0.34}|0.34|neutral|positivo|0.34
Que lindos se ven esos 60 fps en PS5... Ya de la espectacularidad del juego ni hablemos, el que es usuario sabe y conoce la calidad de los GOTYS de Playstation, otro AAA que quitan el hipo junto con ratchet, Ragnarok, Forbiden West, Demon Souls remake, TLOU parte 1 y Final Fantasy 16 esta gen para los jugadores ğŸ˜€|{'neg': 0.0, 'neu': 0.959, 'pos': 0.041, 'compound': 0.3612}|0.3612|neutral|positivo|0.3612
Like numero 932|{'neg': 0.0, 'neu': 0.444, 'pos': 0.556, 'compound': 0.3612}|0.3612|neutral|positivo|0.3612
Le pintan un 9.2 a otro dlc de los dos primeros ğŸ˜… increÃ­ble|{'neg': 0.0, 'neu': 0.857, 'pos': 0.143, 'compound': 0.3612}|0.3612|neutral|positivo|0.3612
No estÃ¡ el audio en espaÃ±ol?? Si en el uno si ke estaba|{'neg': 0.176, 'neu': 0.824, 'pos': 0.0, 'compound': -0.3736}|-0.3736|negativo|neutral|0.3736
En el tÃ­tulo no tendrÃ­a que poner: Â¿merece la pena o no? TendrÃ­a que poner Â¿Es un 10 el juego?|{'neg': 0.119, 'neu': 0.881, 'pos': 0.0, 'compound': -0.3736}|-0.3736|negativo|neutral|0.3736
Hombre normal es un DLC como no va a tener la misma movilidad xD|{'neg': 0.122, 'neu': 0.667, 'pos': 0.211, 'compound': 0.3818}|0.3818|neutral|positivo|0.3818
No merece la pena muchos bugs xd tenido que reiniciar en una partida varios puntos para poder avanzar  basura de juego|{'neg': 0.088, 'neu': 0.76, 'pos': 0.152, 'compound': 0.3818}|0.3818|neutral|positivo|0.3818
GotyğŸ‰|{'neg': 0.0, 'neu': 0.426, 'pos': 0.574, 'compound': 0.4019}|0.4019|neutral|positivo|0.4019
"<a href=""https://www.youtube.com/watch?v=_ZF2rd1T5Bk&amp;t=6m39s"">6:39</a> Â¿no podÃ­as haber grabado un gameplay donde no sÃ³lo spamearas un solo ataque? O Â¿acaso asÃ­ es el combate?"|{'neg': 0.12, 'neu': 0.88, 'pos': 0.0, 'compound': -0.4098}|-0.4098|negativo|neutral|0.4098
Eso de gracias a las posibilidades de ps5 es relleno q no aporta a la prosa :) Ac.mirage es mejor sin duda y se valora menos.|{'neg': 0.182, 'neu': 0.723, 'pos': 0.094, 'compound': -0.4215}|-0.4215|negativo|neutral|0.4215
insomniac va a inaugurar el universo de marvel videojueguil con spiderman, wolverine ya veremos que hay en el futuro|{'neg': 0.0, 'neu': 0.865, 'pos': 0.135, 'compound': 0.4215}|0.4215|neutral|positivo|0.4215
#&#39;spidersaludos me gustÃ³ tu video de la gran novedad que se tiene sobre Marvel spider-man 2|{'neg': 0.0, 'neu': 0.843, 'pos': 0.157, 'compound': 0.4215}|0.4215|neutral|positivo|0.4215
Menuda nota mÃ¡s hinchada,ni de broma es un juego de 9ğŸ˜‚|{'neg': 0.096, 'neu': 0.711, 'pos': 0.193, 'compound': 0.4404}|0.4404|neutral|positivo|0.4404
Esta grabado en nivel facil no? lo digo por el combate con el lagarto que se ve demasiado easy.|{'neg': 0.0, 'neu': 0.861, 'pos': 0.139, 'compound': 0.4404}|0.4404|neutral|positivo|0.4404
Vaya juÃ©gazo. Insomniac se ha sacado el rabo otra vez. IncreÃ­ble!!|{'neg': 0.0, 'neu': 0.77, 'pos': 0.23, 'compound': 0.4559}|0.4559|neutral|positivo|0.4559
OjalÃ¡ Spider-Man 3 no tenga basura woke ğŸ’™|{'neg': 0.164, 'neu': 0.522, 'pos': 0.313, 'compound': 0.4588}|0.4588|neutral|positivo|0.4588
que lo saquen para PC :)|{'neg': 0.0, 'neu': 0.625, 'pos': 0.375, 'compound': 0.4588}|0.4588|neutral|positivo|0.4588
Cuando se podrÃ¡ canjear el cÃ³digo del juego que viene en la consola ğŸ˜¢no deja|{'neg': 0.171, 'neu': 0.829, 'pos': 0.0, 'compound': -0.4767}|-0.4767|negativo|neutral|0.4767
Cuando se podrÃ¡ canjear el cÃ³digo del juego que viene en la consola ğŸ˜¢no deja|{'neg': 0.171, 'neu': 0.829, 'pos': 0.0, 'compound': -0.4767}|-0.4767|negativo|neutral|0.4767
Y el hombre de pero ğŸ˜¢|{'neg': 0.341, 'neu': 0.659, 'pos': 0.0, 'compound': -0.4767}|-0.4767|negativo|neutral|0.4767
SerÃ­a excelente si no lo hubieran contaminado con su nefasta propaganda progresista.|{'neg': 0.296, 'neu': 0.704, 'pos': 0.0, 'compound': -0.4939}|-0.4939|negativo|neutral|0.4939
Reslizar combos magicos con un botÃ³n ğŸ¤£|{'neg': 0.0, 'neu': 0.758, 'pos': 0.242, 'compound': 0.4939}|0.4939|neutral|positivo|0.4939
Porque solo muy poca gente nombra algo muy importante a destacar y que no se nombra:<br><br>TIENE LENGUAJE INCLUSIVO<br><br>Me encantÃ³ el 1Â° y el de Miles pero este no lo compro ni de coÃ±a.|{'neg': 0.124, 'neu': 0.876, 'pos': 0.0, 'compound': -0.5267}|-0.5267|negativo|neutral|0.5267
Jajajajaja solo con los juegos de Sony todo es bueno. Que risa como dicen que es continuista pero dicen que lo perfecciona JAJAJSJSJSJA que no se note lo comprado que estÃ¡n estÃ¡ gente. Muy bonito el spiderman pero de un 80 no pasa se roban la mecÃ¡nica de planeo de Batman el estilo de pelea y la manera de hacer las misiones. Pero bueno asÃ­ estamos en estos tiempos|{'neg': 0.062, 'neu': 0.938, 'pos': 0.0, 'compound': -0.5267}|-0.5267|negativo|neutral|0.5267
En un juego de Sony : fua es de lo mejor no tiene nada malo ,juego de Xbox ,estÃ¡ bien pero tiene muchos Bugs no va a 60 frames ,dais asco|{'neg': 0.132, 'neu': 0.868, 'pos': 0.0, 'compound': -0.5267}|-0.5267|negativo|neutral|0.5267
Tengo que decir algo antes de ver el vÃ­deo y espero que alguien me responda cÃ³mo cojones van a opinar si vale la pena el juego si no a salido no se supone que salÃ­a el 21 tengo entendido|{'neg': 0.106, 'neu': 0.894, 'pos': 0.0, 'compound': -0.5267}|-0.5267|negativo|neutral|0.5267
MÃ¡s de lo mismo, aquel que no va al dÃ­a con el mundo de los videojuegos podrÃ­a confundir este tÃ­tulo con el primero por momentos.. y ya estoy viendo a los niÃ±os ratas con poco pensamiento crÃ­tico â€œNo zaBez nada De Bidejuegozzâ€ .. no, niÃ±ato, jamÃ¡s dije que fuera malo, lo voy a jugar.. y seguramente lo voy a disfrutar, pero eso no le quita lo que ya dije, es mÃ¡s de lo mismo.|{'neg': 0.058, 'neu': 0.942, 'pos': 0.0, 'compound': -0.5267}|-0.5267|negativo|neutral|0.5267
No quiero ver nada aporque no me quiero spoilear pero se que vale la pena lo tengo reservado desde que se podÃ­a reservar|{'neg': 0.173, 'neu': 0.827, 'pos': 0.0, 'compound': -0.5267}|-0.5267|negativo|neutral|0.5267
La gente se preocupa por lo de solo 25 horas para el platino, pero yo por ejemplo al primer Spider-man le eche casi 200 horas sin aburrirme|{'neg': 0.122, 'neu': 0.878, 'pos': 0.0, 'compound': -0.5574}|-0.5574|negativo|neutral|0.5574
Sin mÃ¡s, un juego divertido que puede merecer la pena pero que en pocos aÃ±os caerÃ¡ en el olvido|{'neg': 0.167, 'neu': 0.833, 'pos': 0.0, 'compound': -0.5574}|-0.5574|negativo|neutral|0.5574
Patrones en los bosses? Literal vi que Peter le dio 50 golpes a lagarto y el solo los recibiÃ³ y en esos 50 golpes el lagarto dio 4 golpes osea wtf|{'neg': 0.112, 'neu': 0.888, 'pos': 0.0, 'compound': -0.5859}|-0.5859|negativo|neutral|0.5859
Primer dia de rrseÃ±as y ya tiene mas de 100 notas en metacritic no como otros estudios que solo le dan copia del juego a las pÃ¡ginas que llevan una X en su nombre ğŸ˜Š|{'neg': 0.05, 'neu': 0.814, 'pos': 0.136, 'compound': 0.5859}|0.5859|positivo|positivo|0.5859
batallas brillantes vs jefes <br>se carga al lagarto solo con combos xD|{'neg': 0.0, 'neu': 0.743, 'pos': 0.257, 'compound': 0.5859}|0.5859|positivo|positivo|0.5859
Muy tarde esre video, ya lo reserve hace una semana xd|{'neg': 0.0, 'neu': 0.725, 'pos': 0.275, 'compound': 0.5859}|0.5859|positivo|positivo|0.5859
el juego ultra corto, parece dlc,  y a 80 napos xd|{'neg': 0.0, 'neu': 0.725, 'pos': 0.275, 'compound': 0.5859}|0.5859|positivo|positivo|0.5859
Este juego es una verdadera carta de amor. Para los fans de los superhÃ©roes.|{'neg': 0.0, 'neu': 0.765, 'pos': 0.235, 'compound': 0.6124}|0.6124|positivo|positivo|0.6124
Los Sonyers fumÃ¡ndose las ideas de una feminista progre. Enhorabuena por jugar a tal mierda inclusiva ğŸ˜‚ğŸ˜‚ğŸ˜‚ yo disfrutarÃ© del Mario Wonder sin ideas polÃ­ticas de pedos.|{'neg': 0.17, 'neu': 0.622, 'pos': 0.208, 'compound': 0.6249}|0.6249|positivo|positivo|0.6249
Si merece la pena es el mejor juego del aÃ±o su historia es brutal el Zelda si q tiene un rival muy duro porq ambos son buenos pero spiderman me gusta mÃ¡s|{'neg': 0.117, 'neu': 0.883, 'pos': 0.0, 'compound': -0.6249}|-0.6249|negativo|neutral|0.6249
podria salir en ps4â¤?|{'neg': 0.0, 'neu': 0.543, 'pos': 0.457, 'compound': 0.6369}|0.6369|positivo|positivo|0.6369
Goty 2023 este juego esta a punto de cambiar la humanidad y trascendencia a la historia del gaming como siempre solo en playstation â¤|{'neg': 0.0, 'neu': 0.851, 'pos': 0.149, 'compound': 0.6369}|0.6369|positivo|positivo|0.6369
Juegazoâ¤|{'neg': 0.0, 'neu': 0.323, 'pos': 0.677, 'compound': 0.6369}|0.6369|positivo|positivo|0.6369
"<a href=""https://www.youtube.com/watch?v=_ZF2rd1T5Bk&amp;t=3m39s"">3:39</a> Genial,Volvio el Perk de &quot;Veneno Residual&quot; ,si AÃ±adieron &quot;sensores de Amenaza&quot; &quot;Malla de inducciÃ³n&quot; y &quot;impulso de venom&quot; entonces voy a estar Demasiado roto usando A Miles Morales â¤"|{'neg': 0.0, 'neu': 0.881, 'pos': 0.119, 'compound': 0.6369}|0.6369|positivo|positivo|0.6369
No puede ser, como pudo caer tan bajo insomniac de sacar obras maestras en vez de juegos mediocres ğŸ˜¢|{'neg': 0.227, 'neu': 0.773, 'pos': 0.0, 'compound': -0.6486}|-0.6486|negativo|neutral|0.6486
Me dices que sale en PS4 y me lo creo.. es un juegazo eso estÃ¡ claro, pero yo me esperaba ver ese salto que demuestre que por fin ya estÃ¡ la nueva generaciÃ³n y que estÃ© serÃ­a lo que fuÃ© &quot;Uncharted 4&quot; en 2016 en PS4 a tres aÃ±os de la generaciÃ³n pero con Spider-Man 2 en este caso, y en ese aspecto no lo he visto y eso que lo he visto a 1080p y 60 fps y me sigue pareciendo un juego de PS4 mÃ¡s que de PS5.<br>A estas alturas pienso que no hay nada que no pueda mover una PS4 con sus recortes perfectamente, esta nueva generaciÃ³n pienso que ha salido demasiado pronto y que el hecho de que sigan saliendo juegos en PS4 refuerza el hecho de que PS5 y Xbox Series no dejan de ser &quot;consolas vitaminadas&quot; de PS4 Pro y Xbox One X, quizÃ¡s sobre 2025 si que veamos los juegos de verdad next gen, pero por el momento.. es un jarro de agua frÃ­a en mi opiniÃ³n.|{'neg': 0.049, 'neu': 0.938, 'pos': 0.013, 'compound': -0.6597}|-0.6597|negativo|neutral|0.6597
Un juego con mejores mecÃ¡nicas,ciudad,habilidades etc.. pero siento que a pesar de tener a misterio,venom,lizard etc.. no llega a la altura del primero,me encantÃ³ harry osborn lo adorÃ³ este si se me hizo amigo de verdad de peter y no como en las pelis o series, la historia hasta la muerte de kraven perfecta, pero la parte de venom se veia muy forzada y sin apenas desarrollo aparte de corta|{'neg': 0.105, 'neu': 0.864, 'pos': 0.031, 'compound': -0.6808}|-0.6808|negativo|neutral|0.6808
Una pregunta? Y por quÃ© no saliÃ³ para PS4?ğŸ˜|{'neg': 0.386, 'neu': 0.614, 'pos': 0.0, 'compound': -0.6868}|-0.6868|negativo|negativo|0.6868
Un 9,3 queeeeeeee? No os lo creÃ©is ni vosotros ,eso es lo que se tenÃ­a que llevar un juego el doble de grande y mucho menos repetitivo como es starfield ,sin verguenzas PESETEROS DE SONY|{'neg': 0.149, 'neu': 0.851, 'pos': 0.0, 'compound': -0.7003}|-0.7003|negativo|negativo|0.7003
Se ve tan hermoso como el primer juego (el Miles Morales nunca sucediÃ³) â€¦ y no me gusta que haya tantos iconos en pantalla, sin importar el juego que sea|{'neg': 0.172, 'neu': 0.828, 'pos': 0.0, 'compound': -0.7003}|-0.7003|negativo|negativo|0.7003
Yo jugue el 1 nose este pero a ese juego no era mas de un 8 y algo estaba bien pero sin mas aqui veo mas de lo mismo con algunos agregados le viven inflando notas por ser sony|{'neg': 0.136, 'neu': 0.864, 'pos': 0.0, 'compound': -0.7003}|-0.7003|negativo|negativo|0.7003
Es lo rico de tener una ps5 y una pc, se disfruta de todo sin quejarse ğŸ”¥|{'neg': 0.286, 'neu': 0.714, 'pos': 0.0, 'compound': -0.7184}|-0.7184|negativo|negativo|0.7184
Me espero al remaster ğŸ‘Œ|{'neg': 0.0, 'neu': 0.395, 'pos': 0.605, 'compound': 0.7297}|0.7297|positivo|positivo|0.7297
Mucho hyipe por tener el juego yağŸ˜¬ğŸ˜¬ğŸ˜¬|{'neg': 0.419, 'neu': 0.581, 'pos': 0.0, 'compound': -0.7351}|-0.7351|negativo|negativo|0.7351
Mmmm nose no me convence este juego todavia, sigo viendo mucho del anterior que juguÃ© y si me pones al lado el batman arkham city, comparando el vuelo, no veo algo distintivo, y el hecho que le quitaron el modo sigilo, me parece negativo por que era algo que ayudaba a bajar el ritmo del juego y no se convirtiera en machaca botones, veo un juego igual a lo que fue zelda tears of the kimgdom, un juego con un gran dlc,  como mucho por los aspectos positivos realmente llegaria a un 8,5 como su antecesor cuando se lanzÃ³.|{'neg': 0.082, 'neu': 0.918, 'pos': 0.0, 'compound': -0.7579}|-0.7579|negativo|negativo|0.7579
Black cat robo un artefacto del doctor strange ğŸ˜±|{'neg': 0.458, 'neu': 0.542, 'pos': 0.0, 'compound': -0.765}|-0.765|negativo|negativo|0.765
25 horas que a mi me costarÃ¡n 70 jajaja <br>Gracias por el anÃ¡lisis Carlos  me han entrado muchas ganas de jugarlo, tenÃ­a mis dudas pero viendo la pasiÃ³n con la que hablas de Ã©l creo que voy a tardar poco en caer en sus redes ğŸ˜…â¤|{'neg': 0.0, 'neu': 0.88, 'pos': 0.12, 'compound': 0.7717}|0.7717|positivo|positivo|0.7717
Playstation 6 la videoconsola sale en el aÃ±o 2028 ir ahorrando dineroğŸ¤‘ğŸ’¸ğŸ’µğŸ’´ğŸ’¶ğŸ’°ğŸ’³ğŸ¤‘ğŸ’¸ğŸ’µğŸ’´ğŸ’¶ğŸ’°ğŸ’³ğŸ¤‘ğŸ’¸ğŸ’µğŸ’´ğŸ’¶ğŸ’°ğŸ’³|{'neg': 0.0, 'neu': 0.874, 'pos': 0.126, 'compound': 0.7783}|0.7783|positivo|positivo|0.7783
Fuerte dlcğŸ˜‚ğŸ˜‚ğŸ‰|{'neg': 0.165, 'neu': 0.39, 'pos': 0.446, 'compound': 0.8176}|0.8176|positivo|positivo|0.8176
ğŸ˜‚ğŸ˜‚ğŸ˜‚menudo truÃ±azo el juego este xd|{'neg': 0.183, 'neu': 0.45, 'pos': 0.367, 'compound': 0.8271}|0.8271|positivo|positivo|0.8271
"<a href=""https://www.youtube.com/watch?v=_ZF2rd1T5Bk&amp;t=6m39s"">6:39</a> empieza lo bueno ğŸ˜‚ğŸ˜‚ğŸ˜‚"|{'neg': 0.183, 'neu': 0.45, 'pos': 0.367, 'compound': 0.8271}|0.8271|positivo|positivo|0.8271
Muy superior  el mundo abierto de spiderman  a la porquerÃ­a de starfield 1000 planetas sobrios mehhh mÃ¡s de lo mismo XD|{'neg': 0.0, 'neu': 0.703, 'pos': 0.297, 'compound': 0.8415}|0.8415|positivo|positivo|0.8415
No entiendo como a la gente le puede gustar SPIDERMAN (el juego) literlamente DMC (Devil may cry )3 le gana y eso que salio hace bastante tiempo. Los juegos de SPIDERMAN SON UNA PIJA|{'neg': 0.238, 'neu': 0.762, 'pos': 0.0, 'compound': -0.8658}|-0.8658|negativo|negativo|0.8658
Es lo mismo de siempre ,pero con nueva historia una mecÃ¡nica nueva y con lenguaje inclusivo y con black cat Bi ğŸ˜‚ğŸ˜‚ğŸ˜‚ğŸ˜‚ ğŸ¤®ğŸ¤®ğŸ¤®|{'neg': 0.123, 'neu': 0.631, 'pos': 0.246, 'compound': 0.891}|0.891|positivo|positivo|0.891
Dios mio amigo porque la gente es tan toxica coÃ±o, que esto es una secuela, esperen a jugar el juego, no se guÃ­en solo por una review. De algo que ni mostraron completamente. Esto no es una nueva ip, sigue la linea con su antiguo predecesor el spider-man 1. Y es un juego de spider-man, hay gente que lo alaba demÃ¡s? Si. Hay gente que espera a ver el juego y criticarlo pq si solo pq le arde las opiniones de la gente que lo alaba demÃ¡s? Ignoralos y ya, no te dediques a hacer la misma mierda e incluso peor. Esta comunidad esta condenada. Zelda totk es tan dlc que te lo pasas yendo al grano en unas 50 horas, el spider-man lo platinas en 25 pero es que LA PERCEPCIÃ“N DEL TIEMPO SE ALTERA, En los juegos haces pausa para comer, ir al baÃ±o etc, no estÃ¡s pegado las 24 horas, eso es solo no cuidar, el dlc es diferente. Pero claro eso solo lo dice la gente toxica que no ha estado en la industria, esto se lleva haciendo con las secuelas desde la ness, pero claro estas personas apenas y son de esta generaciÃ³n de consolas jajajaj, en serio que comunidad mÃ¡s mierda. Espero disfruten el juego los que lo juegan y no la gente que solo ve opiniones ajenas de vÃ­deos o otras cosas. Buen dÃ­a a todos. Bg3 o zelda totk mi candidato a goty jsjsj, y tal vez el spider-man cuando lo juegue.|{'neg': 0.06, 'neu': 0.94, 'pos': 0.0, 'compound': -0.9117}|-0.9117|negativo|negativo|0.9117
ğŸ¤®ğŸ¤®ğŸ¤®Sony y spider man mejor es halo y xbox ğŸ’šğŸ’šğŸ’š|{'neg': 0.0, 'neu': 0.574, 'pos': 0.426, 'compound': 0.9274}|0.9274|positivo|positivo|0.9274
la verdadera carta de amor a los superheroes ğŸ˜ğŸ˜ğŸ˜‚ğŸ˜‚|{'neg': 0.094, 'neu': 0.47, 'pos': 0.436, 'compound': 0.9413}|0.9413|positivo|positivo|0.9413
Solo decir muchas gracias sony esto parece pelÃ­culas ğŸ¥ â¤â¤â¤â¤ soy fanÃ¡tico del spiderman ps5 esta on fire ğŸ”¥ ğŸ˜|{'neg': 0.099, 'neu': 0.494, 'pos': 0.407, 'compound': 0.9517}|0.9517|positivo|positivo|0.9517
ğŸ‘ğŸ‘ğŸ‘ğŸ‘ğŸ‘ŒğŸ‘ŒğŸ‘Œ|{'neg': 0.0, 'neu': 0.303, 'pos': 0.697, 'compound': 0.9545}|0.9545|positivo|positivo|0.9545
Mucho fanboy de xbox.ğŸ˜‚ğŸ˜‚ğŸ˜‚, como me parto de risa, y mas sabiendo que su super exclusivo es un bodrio bloqueado a 30 fps y no pasa del 83 ğŸ˜‚ğŸ˜‚ğŸ˜‚ğŸ˜‚.|{'neg': 0.167, 'neu': 0.505, 'pos': 0.328, 'compound': 0.9682}|0.9682|positivo|positivo|0.9682
Este videos le doy 5 OSTIAS Y UN CARDENALğŸ˜‚ğŸ˜‚ğŸ˜‚ğŸ˜‚ğŸ˜‚ğŸ˜‚ğŸ‰ğŸ‰ğŸ‰|{'neg': 0.158, 'neu': 0.415, 'pos': 0.427, 'compound': 0.9735}|0.9735|positivo|positivo|0.9735
Xd â¤â¤â¤â¤â¤ğŸ“¼ğŸ“¼ğŸ‘ğŸ‘|{'neg': 0.0, 'neu': 0.307, 'pos': 0.693, 'compound': 0.9794}|0.9794|positivo|positivo|0.9794
